"entrez_id","baseMean","lfc_mle","lfcSE_mle","stat_mle","pvalue_mle","padj_mle","lfc_apeglm","lfcSE_apeglm","gene_symbol"
"117283",190.87201099584,5.22024122134102,0.681701514399958,7.65766411115566,1.89345314182588e-14,2.92879331977627e-10,5.03507438486688,0.711686915719007,"IP6K3"
"25799",154.108303425539,-1.17087768470004,0.161888048242048,-7.23263821767373,4.73700117889148e-13,3.66359671175467e-09,-1.12553792763062,0.16302887757843,"ZNF324"
"9644",1308.06726917513,-1.33604201281746,0.195554002455703,-6.8320872804437,8.36879037148798e-12,4.3149483155392e-08,-1.27720963026854,0.196307421941821,"SH3PXD2A"
"9540",215.112340581449,2.0600212915385,0.311630242871157,6.61046653418109,3.83110721147054e-11,1.18519132694053e-07,1.95442787998555,0.328414500672353,"TP53I3"
"7504",84.3104961808712,2.28483445707858,0.369679247659207,6.18058620154107,6.38640126547357e-10,1.41121221106207e-06,2.15550796702369,0.387770663143294,"XK"
"55663",190.609697803768,-1.41250795067767,0.246559785341423,-5.72886591672567,1.01104267131496e-08,1.56388080398998e-05,-1.32341427705487,0.248050807770921,"ZNF446"
"23026",221.399336542964,-1.03929414213088,0.183373720282452,-5.6676286031065,1.44787377006634e-08,2.03597377048965e-05,-0.972213149696424,0.185865466118597,"MYO16"
"91947",1200.27453717767,1.39918879190333,0.26057404055056,5.3696400030756,7.88939699245982e-08,7.89641396162018e-05,1.30351558904724,0.279621309185156,"ARRDC4"
"83953",360.285970989794,2.13402900887911,0.399604870272894,5.34034784766704,9.27684084654059e-08,7.97189856746055e-05,1.97440121053315,0.436702738848353,"FCAMR"
"9235",2056.34038161327,2.00578148073965,0.380848161175067,5.26661721183323,1.38960536005801e-07,0.000102354360520844,1.85855223201373,0.417691347664903,"IL32"
"1890",709.076871491335,1.14288971887011,0.217983364909563,5.24301347189622,1.57974999784036e-07,0.000111070786211794,1.05979259069079,0.232832948767659,"TYMP"
"2326",141.200681318072,3.4498532911399,0.669813770355419,5.15046635919313,2.59839537751085e-07,0.000143542784640492,3.15095506130222,0.759576324069463,"FMO1"
"343071",53.1847378610284,6.50766340525594,1.30020331729016,5.00511213801469,5.58295202622823e-07,0.000278571296586123,5.98209225826763,1.35558462330731,"PRAMEF10"
"10157",3129.83301758051,-1.30587553250358,0.262747334789613,-4.97008098502397,6.69249424319674e-07,0.000296701409584937,-1.19150194924613,0.264833658264117,"AASS"
"64855",556.384933514908,1.0718032229659,0.215824136911849,4.96609525839857,6.83144086129581e-07,0.000296701409584937,0.978399108901487,0.232427860219228,"NIBAN2"
"171483",89.7110307151728,-1.3397408989606,0.272732397802956,-4.91229098469094,9.00183236323847e-07,0.000348100857486432,-1.22055388205753,0.275789741751723,"FAM9B"
"3725",276.991287599032,1.20862873736957,0.254162440682166,4.75533967224125,1.98113033075795e-06,0.000666176607742696,1.09156068520515,0.277052532101979,"JUN"
"79645",17.028733411453,-1.38130793518844,0.291107916388284,-4.74500299519862,2.08503250288772e-06,0.000671901724055567,-1.25218655836109,0.297624387644208,"CLXN"
"5054",996.312633686788,2.27880963897541,0.483805186854872,4.71018025620918,2.47497798669577e-06,0.000750646264670788,2.03884888070854,0.5569123583575,"SERPINE1"
"83729",3485.71497378339,1.1542084483536,0.244997846071648,4.71109630905107,2.46387757493701e-06,0.000750646264670788,1.04319311792335,0.268513956814226,"INHBE"
"26232",289.7138112455,1.46263873709837,0.316754828525205,4.6175736101904,3.88252979375105e-06,0.00101788086186002,1.30676847022738,0.353026511273297,"FBXO2"
"57007",86.5668041649805,2.0880030084582,0.45129570238906,4.62668489286464,3.71565167237335e-06,0.00101788086186002,1.85746091093125,0.507438662650016,"ACKR3"
"3838",246.203572534194,1.24529819700606,0.278049628474258,4.47869038286217,7.51023714683734e-06,0.00170835806157765,1.10526179643558,0.308518098976237,"KPNA2"
"3959",1888.75733057975,1.01323091393597,0.227858515421051,4.4467546541487,8.7177308131399e-06,0.00187285916968956,0.902437133199346,0.25131848267746,"LGALS3BP"
"150084",126.410628578154,-1.06668613318171,0.240616856325523,-4.43313136690068,9.28742378358294e-06,0.00191454879089913,-0.949725972802937,0.246764639027093,"IGSF5"
"308",2005.27086197885,1.16307944224109,0.26670850043159,4.36086379083902,1.29549997129496e-05,0.00241431247662536,1.02882331852515,0.298272139844078,"ANXA5"
"168002",71.9610656812358,2.09381756094845,0.495125261411614,4.22886433824631,2.34873914034412e-05,0.00352912252294505,1.81144208139481,0.576419163393413,"DACT2"
"2150",199.8713065708,1.33776005046482,0.316629092054562,4.22500674775109,2.3893361858322e-05,0.00352912252294505,1.16417295702275,0.359252993216626,"F2RL1"
"57469",21.0511212909417,-1.45753430763296,0.344744371615946,-4.2278697714511,2.3591426458207e-05,0.00352912252294505,-1.28106021567166,0.354760037648305,"PNMA8B"
"126410",215.216230502426,1.76171105343179,0.417563197165393,4.21902855757183,2.45357197467673e-05,0.00356612939103856,1.52531076035256,0.487634047883066,"CYP4F22"
"51330",63.7622178899069,2.53058821818452,0.601273481160421,4.20871416663952,2.56828029477211e-05,0.00361146905450318,2.17873880633242,0.713033743638106,"TNFRSF12A"
"23508",81.8099746714839,1.95306030109282,0.471989293555223,4.1379334823075,3.50447929634574e-05,0.00416979121199046,1.67359458671911,0.553218366625655,"TTC9"
"4308",22.0932192240396,-1.92217596292701,0.46933522839477,-4.09552883873916,4.21205788340668e-05,0.00458269100028309,-1.67759807362272,0.470334602459457,"TRPM1"
"5581",1157.42254926256,1.14136399084283,0.279153751923598,4.08865717540208,4.33877519269542e-05,0.00459672429319265,0.983865082018744,0.319586253536303,"PRKCE"
"55343",512.907468218951,1.34471945716232,0.330547012693181,4.06816399944449,4.73850272586938e-05,0.00475942598465893,1.1576121135136,0.383211843118937,"SLC35C1"
"1401",8637.64094331151,2.42695554998689,0.600560441814802,4.04115119979099,5.31894490026914e-05,0.00520717972894702,2.04155096361637,0.764851288065854,"CRP"
"719",159.249387790217,1.22959110149809,0.304615852266468,4.0365302473572,5.42475345555487e-05,0.00524438040315767,1.05370931150958,0.348604351096135,"C3AR1"
"6004",36.2969039720397,2.46470074193315,0.611446028527601,4.03093752668293,5.55548100097059e-05,0.00527498299557631,2.08188340462958,0.72863086819954,"RGS16"
"6281",367.249636832623,1.11164395061935,0.276007181387111,4.02759067728831,5.63513370981859e-05,0.00527498299557631,0.953397004209819,0.315735078867553,"S100A10"
"140862",272.367112057935,1.23932147550422,0.308191782443465,4.02126710088891,5.78859224837844e-05,0.00529810324839749,1.05848443251139,0.355593879988679,"ISM1"
"120224",1058.82547850803,1.42115997916581,0.354705011837528,4.00659683888755,6.15998760294342e-05,0.00542573434108878,1.21763286139215,0.416813532633143,"TMEM45B"
"57822",15.4832281395967,-1.29583019068538,0.323983815345037,-3.99967569153214,6.34293445429147e-05,0.00548114581782014,-1.11727942512109,0.339516479600583,"GRHL3"
"27111",121.119245944351,1.17964339080692,0.29601369544326,3.98509734166348,6.74524685064699e-05,0.00561105382228831,1.00585694963341,0.337734084299652,"SDCBP2"
"201232",252.869215835451,1.0916813824929,0.275392191307543,3.96409708390667,7.36742670789759e-05,0.00576174452495748,0.928244762142039,0.316346048957606,"SLC16A13"
"445",16501.0023859261,-1.10904173911785,0.28019823914034,-3.9580610589147,7.55606443525505e-05,0.00576174452495748,-0.951939075215407,0.288144515043871,"ASS1"
"5737",139.688855196525,1.36881467446807,0.345667380076101,3.95991856149896,7.49753270808236e-05,0.00576174452495748,1.15908540630267,0.403689805953128,"PTGFR"
"153328",27.5623264336373,-1.10959375438331,0.281667020056513,-3.9393811677373,8.16920526709854e-05,0.00591921051193699,-0.951933505659689,0.296476486692615,"SLC25A48"
"5888",55.4218755511217,-1.15310652519988,0.298641077740349,-3.86117855562537,0.000112841398464444,0.00755597727899577,-0.982854318392244,0.311254700611327,"RAD51"
"202333",559.190443372423,-1.38452011077562,0.359311402339383,-3.85325960089597,0.0001165556972121,0.00769061744597637,0.0464085102984575,0.132315825346663,"CMYA5"
"4199",766.847165631214,1.90433181777565,0.494423354809729,3.85162189295954,0.000117338099124025,0.00769061744597637,1.57430399591189,0.624170178944478,"ME1"
"771",134.351680116725,3.29043586633264,0.861148709131867,3.82098449598765,0.000132920008954249,0.00829034959074323,3.2776140376279,1.09925887263827,"CA12"
"29943",31.6165558209892,5.76665946923254,1.51180939543353,3.81440906945738,0.000136509187885524,0.00844609647285312,6.13150159153555,1.7374767240063,"PADI1"
"29119",545.410382772186,-1.54478463954116,0.405294940477013,-3.81150733765149,0.000138121954790317,0.00851183424978733,-1.31376518382694,0.411187789536145,"CTNNA3"
"100131897",49.663039978714,1.00469257693315,0.263898709730588,3.80711439612127,0.000140597719210488,0.00854603064528646,0.844988045394779,0.295176134978858,"INSYN2B"
"30851",147.951896494223,1.38470435049127,0.364558554737147,3.79830436701633,0.000145689353619237,0.00857948035910286,1.1472930748595,0.43689386244825,"TAX1BP3"
"8519",818.279972561378,1.27742890250742,0.336279041555949,3.79871697206227,0.000145447068987683,0.00857948035910286,1.06393068547431,0.403207224700312,"IFITM1"
"128025",12.5450827034401,-1.26538662367854,0.33419887691686,-3.78632817486498,0.000152889729558436,0.00892414466720711,-1.06678876943255,0.355634543412072,"WDR64"
"63924",13.4959934083003,3.96529260428508,1.04779374741528,3.78442094550262,0.000154066868960119,0.00895904634990648,3.35617858827105,1.09368563697166,"CIDEC"
"27087",255.608472717284,-1.64542469750996,0.438310171597962,-3.75401896677684,0.000174021687236415,0.00961345520776022,-1.39068372823008,0.442834328122805,"B3GAT1"
"7124",28.2671490556789,1.43881600265394,0.38336488435839,3.7531241419307,0.000174644311141406,0.00961351674283014,1.19746546231967,0.433248491058986,"TNF"
"27232",1578.1144226041,-1.63974151681046,0.439127754205854,-3.73408763419171,0.000188396891953035,0.0100707148016638,-1.38384554875329,0.443784454600405,"GNMT"
"8645",394.735477070823,-1.08593969303084,0.291092627261044,-3.73056405876263,0.000191051557628618,0.0101021635414404,-0.915818268763206,0.302123569030515,"KCNK5"
"9308",111.31480267109,1.05898943384057,0.284493815758924,3.72236363386523,0.000197366506151477,0.0101762170571702,0.876280895388155,0.330992120611269,"CD83"
"51332",141.297409863333,1.44958004598525,0.391202914470246,3.70544285936168,0.000211021700694635,0.0105633775609858,1.18212725735249,0.480249330550463,"SPTBN5"
"10437",947.548940597269,1.06804027987997,0.288318965735219,3.70437052989714,0.000211916309343549,0.0105739402352452,0.881510936602693,0.343449584386761,"IFI30"
"54659",649.669350270726,-1.46700859142197,0.397238028806276,-3.69302152623809,0.00022160525661058,0.0108318746307858,-1.23139915970221,0.405443739159106,"UGT1A3"
"81615",10.3675518533379,-2.07395510193908,0.561738730718325,-3.69202796340393,0.000222472996719137,0.0108318746307858,-1.73858180453356,0.569407896297421,"TMEM163"
"50940",1515.90018149048,1.38859216466537,0.376523719244161,3.68792746298387,0.00022608807685472,0.0109244237707565,1.12902427843133,0.468361453694863,"PDE11A"
"6511",639.362046447299,-1.30320089581532,0.353436388390583,-3.68722898553149,0.000226709337368299,0.0109244237707565,-1.09184005222456,0.363644325924092,"SLC1A6"
"3321",76.3778402637974,1.45262958493222,0.394284794125934,3.68421406702346,0.000229409386335709,0.0109488982896755,1.18366955128667,0.477189919493496,"IGSF3"
"84302",99.0583854367349,1.17389778699766,0.319026922037565,3.67961982487307,0.000233581916408261,0.0110042939663154,0.963323065197358,0.376612258555856,"PGAP4"
"414152",7.84082571068248,-1.39898351728845,0.380382504559054,-3.67783349791593,0.000235223419268595,0.0110255631795352,-0.0768393003793032,0.150128264833876,"C10orf105"
"54112",133.635758754297,-2.09305877515101,0.569739946884654,-3.67370900811131,0.000239054963711078,0.0111042107467957,-1.75663560863283,0.563226159534296,"GPR88"
"1917",39.67765172837,4.86154394074008,1.32814737661699,3.66039494285884,0.000251826791333811,0.01135643384359,5.73395063496102,1.59389005680703,"EEF1A2"
"467",82.3203208734662,1.16650250611986,0.319262039589234,3.65374633207473,0.000258441606276927,0.0115203883743271,0.951969240511385,0.377491259214454,"ATF3"
"2195",5568.18029010272,1.15405932343248,0.316303496429519,3.64858225236102,0.000263691480888676,0.0116361552446322,0.939791217260553,0.385832211586751,"FAT1"
"8345",33.2372151323266,1.59814652396781,0.441531226836314,3.61955491895545,0.000295110175536353,0.0122056814386233,1.28742561301037,0.530543595952007,"H2BC9"
"983",41.3257000969322,1.66598029783395,0.460088557288623,3.62099919991891,0.000293467422394093,0.0122056814386233,1.3368047486566,0.565022890281559,"CDK1"
"2219",93.7689376068744,1.33823071705708,0.369849931249604,3.61830732950424,0.000296536137602894,0.0122315226038442,1.08572707898121,0.449050552441044,"FCN1"
"64109",57.148811436997,3.15861101492025,0.873776261954794,3.61489680190426,0.000300467285742731,0.0123391719147615,2.4145946867726,1.32740883427699,"CRLF2"
"4069",1696.82894578298,1.32978189884257,0.368790473156309,3.60579243672316,0.000311201812471796,0.0125683280295398,1.06907798462908,0.463439469472102,"LYZ"
"2359",392.250963013712,1.14015686471555,0.31674065593883,3.59965430183277,0.000318640510423522,0.012775810023335,0.918179699370491,0.387804921387186,"FPR3"
"27253",172.993885716641,1.0330979612894,0.287639923159624,3.59163620244777,0.000328608360282758,0.012966617645035,0.834952454721366,0.345009906724527,"PCDH17"
"57016",688.516946797116,3.08072472613459,0.859973734724727,3.58234746218234,0.000340520455945977,0.0133009353852838,2.93414677521972,1.18538562782492,"AKR1B10"
"5979",153.902250664867,2.17899424861106,0.612770081209503,3.55597362767794,0.000376581855072482,0.0142419758783891,1.67084630900794,0.879433059436841,"RET"
"220441",2091.99369784058,-1.00030313595986,0.282051389374586,-3.54652795073234,0.000390343332230133,0.0145793869401932,-0.82397746427372,0.295482487094193,"RNF152"
"255631",19.9122182010447,-1.53341200624616,0.43316331799359,-3.54003199843633,0.000400078520832723,0.0148403226864282,-1.2574567808782,0.451509861267993,"COL24A1"
"338323",43.5127825709175,-1.14811608769404,0.324491221503676,-3.53820384531122,0.000402858918421007,0.0149077075362108,-0.941825014710988,0.342774666701801,"NLRP14"
"84179",79.00937525777,1.2861569785785,0.364056637563451,3.53284858967675,0.000411107846739475,0.0149976796541656,1.02335894528836,0.447752798698886,"SLC49A3"
"85445",25.7623566489821,-1.01979329509905,0.289225722026409,-3.52594260273273,0.000421978412676628,0.0151794467146095,-0.83470760159633,0.310300443786353,"CNTNAP4"
"3009",84.6465340850064,1.4764927727084,0.419110083914133,3.52292352147487,0.000426814503074762,0.0152823304017602,1.15842057482679,0.536520314292003,"H1-5"
"5972",52.9607529791283,-1.10637723089958,0.316154565840709,-3.49948205858592,0.000466162974924764,0.0160951091431613,-0.903370531418978,0.33419497069181,"REN"
"83481",130.657366098656,2.0759854796075,0.593145131982661,3.49996209640676,0.000465324318079215,0.0160951091431613,1.58999479427392,0.846662993663282,"EPPK1"
"403314",44.2908063691875,1.09060488397036,0.312694814485533,3.487761336128,0.000487082652100459,0.0167055309594011,0.872313718978825,0.366131393152263,"APOBEC4"
"9066",2787.38317609663,1.18391052781513,0.339554969062316,3.48665351911801,0.000489104573195598,0.016737764465021,0.939852666560208,0.428973457192673,"SYT7"
"54825",1636.41013006331,1.2059892127651,0.346116110422947,3.4843486808268,0.000493336333073942,0.0167548380174119,0.950445066984736,0.441023379352153,"CDHR2"
"284759",94.2188986414831,1.02058525122377,0.293277921518756,3.47992527340145,0.000501553654887556,0.0168652868126103,0.811189162848355,0.352718529464245,"SIRPB2"
"143689",51.4065759180984,1.27125545667988,0.36576389308653,3.47561768864685,0.000509678304741233,0.0170274384832341,0.999786548515754,0.448846971655958,"PIWIL4"
"6252",62.0953363160192,1.19422466729943,0.343985797582324,3.47172666921989,0.000517122561951115,0.0172018318027094,0.939974815389057,0.422217999839438,"RTN1"
"2182",2354.65189057293,2.36805259622118,0.682909760064061,3.4675922569902,0.0005251434453593,0.0172658299339222,1.79461895426084,1.05962322195478,"ACSL4"
"3122",5010.39374262161,1.08712433690678,0.314116249317824,3.46089812057709,0.000538376516471657,0.0176059364836862,0.868698891972845,0.39150000824616,"HLA-DRA"
"347731",198.503930628,-1.44706250665933,0.419719609488424,-3.44768858529885,0.000565405535311775,0.0180705431570176,-1.16579418917334,0.431707146032282,"LRRTM3"
"3553",33.7110482696231,1.37007439775823,0.398818602231132,3.43533222897215,0.000591827788589766,0.0185561053678933,1.078908816376,0.481991202985974,"IL1B"
"56938",172.753698496624,1.00022005900224,0.293068908240259,3.41291768208403,0.000642713528489578,0.0193791283794869,0.781112699574984,0.362771818136141,"BMAL2"
"641371",373.012556793446,1.39564536790147,0.408885451322556,3.41329182387685,0.00064183173595057,0.0193791283794869,1.06127748404345,0.552890513320966,"ACOT1"
"162461",99.4759850659062,1.93765465001108,0.570458870471163,3.39665968978746,0.000682137427499368,0.0199864935411092,1.43194292223336,0.844049788136828,"TMEM92"
"347732",13.8151234805334,-1.26099948084109,0.370877790890518,-3.40004042251571,0.000673758919401718,0.0199864935411092,-1.0061755118671,0.402329673580551,"CATSPER3"
"29089",19.4686283949298,1.83226260987542,0.539927607562155,3.39353384456174,0.000689970320369647,0.0200233788282884,1.42394949871627,0.657586095953578,"UBE2T"
"124222",29.8897878816863,1.37200689603824,0.404761519946676,3.3896673187189,0.000699774900188154,0.020130565772077,1.07160331422956,0.489729932615244,"PAQR4"
"4023",97.7141702591989,2.72653192630791,0.804402454885264,3.38951218976179,0.000700170958454709,0.020130565772077,1.89224527375935,1.54357908011931,"LPL"
"171389",68.9197873588771,1.34153477803648,0.39598157544511,3.38787171228485,0.000704372014261705,0.0201763450307408,1.02857745180787,0.512179274326372,"NLRP6"
"54898",2052.13196153389,1.09051528093151,0.322748213336319,3.37884219298572,0.000727917789626975,0.0206595089356882,0.834946482586221,0.419101672026982,"ELOVL2"
"9103",167.953618861612,1.36245558116276,0.40821422227795,3.33759949263864,0.000845054613677244,0.0224207628891245,1.01634467454879,0.560123728156576,"FCGR2C"
"4318",26.8101159289895,2.05778663023818,0.618083612487056,3.32930139007896,0.000870641344683464,0.0227869379349642,1.52054062420038,0.858616697170463,"MMP9"
"1672",874.301597704311,1.38361289425797,0.418604911061924,3.30529541745699,0.000948763402165307,0.0238238186764496,1.02098154233535,0.595849423449544,"DEFB1"
"408263",26.4241824418335,-1.59645856290991,0.483873239567987,-3.29933220596218,0.000969151463980249,0.0241787658787847,-1.26455597313372,0.501821741630169,"FNDC9"
"1837",338.06764316958,1.3377215939428,0.406996593018219,3.28681275688939,0.00101328184212892,0.024616637358384,0.979611770193147,0.57808105081875,"DTNA"
"497189",21.5611532918046,1.31949738034037,0.400939235129272,3.29101585659218,0.000998262861575062,0.024616637358384,1.01724961973472,0.475551983447023,"TIFAB"
"6288",1949.92506133819,2.09737324811204,0.637955474613988,3.28764832589784,0.00101027953944214,0.024616637358384,1.4034246086712,1.27044582804576,"SAA1"
"1544",6661.51534608863,-1.29072253585761,0.393142331132788,-3.2830922382196,0.00102675064622452,0.0248523214720061,-1.01593258539433,0.411972364607841,"CYP1A2"
"6348",59.3718504478878,1.14606520133459,0.349621198457472,3.27801977223071,0.00104538072900464,0.024983918816292,0.860610928635851,0.449398166351003,"CCL3"
"7481",89.5686168764889,1.13966432537035,0.347704861257021,3.27767728426414,0.00104664981852581,0.024983918816292,0.852850131831008,0.454731065112547,"WNT11"
"80176",206.146494479933,1.07561924800228,0.328905337098865,3.2703003772753,0.00107433338516634,0.0254121356207117,0.802188146902598,0.43521898343292,"SPSB1"
"196051",18.9001650118808,1.60493037118758,0.490944412926988,3.26906739119213,0.00107902598669653,0.0254237132263212,1.20776467848991,0.611366804322515,"PLPP4"
"552",299.926006788735,1.76876841699606,0.541132090622686,3.26864447266603,0.00108063992721949,0.0254237132263212,1.22911634073357,0.904367489069607,"AVPR1A"
"6364",18.1498635044087,3.21938233474292,0.985998524816064,3.26509853079495,0.00109426004712151,0.0255679975964886,2.28189886754398,1.55620330881568,"CCL20"
"7153",153.000589593819,1.5617362174395,0.478754679623585,3.26208031776817,0.00110597802891815,0.0257639580591958,1.1098369630474,0.730592252106397,"TOP2A"
"3485",1094.38166331776,-2.18806948799194,0.671253686555768,-3.25967593447274,0.00111539578276235,0.0258277574367786,-1.73357389541446,0.661330178974251,"IGFBP2"
"1026",690.551475138005,1.08654688104113,0.336754191902157,3.22652815367722,0.00125301904137953,0.0278300285380184,0.794139558538931,0.462898247977436,"CDKN1A"
"10170",87.2734899254103,1.16494666167684,0.361128752158435,3.22584855045203,0.00125599799564831,0.0278334913992666,0.852060156276439,0.48788335963097,"DHRS9"
"126961",65.2609795969531,1.10737301554756,0.343711991882096,3.22180500448593,0.00127385798182158,0.0280284996626119,0.81819044763066,0.450493480404555,"H3C14"
"27445",99.8714177462307,1.86000061969473,0.577476294431658,3.22091250780313,0.00127783151487797,0.0280509090515327,1.25608210759438,1.02370349737754,"PCLO"
"114794",16.7467124791342,3.37573748855735,1.05202539526745,3.2087984793363,0.00133290879228061,0.0286353238874951,2.20888895360088,2.03222112877698,"ELFN2"
"374977",295.378252040575,-1.11031661197579,0.346960854460155,-3.20012069864006,0.00137370047455308,0.0291473236493648,-0.860050807310943,0.370916407440163,"MROH7"
"6713",1977.61136051585,2.05854589038095,0.644943729527135,3.19182247401685,0.00141378196986552,0.0297885828921935,0.047093931711641,0.139537514446633,"SQLE"
"8348",30.99792315135,1.41498871955119,0.444186125370793,3.18557613291049,0.001444660869031,0.0301485929315018,1.01179597664086,0.612566251639942,"H2BC17"
"4038",63.6439381175354,-1.26765706167008,0.398257378239751,-3.18300960869319,0.00145752777299211,0.0302212326979114,-0.976822339035312,0.42416350039983,"LRP4"
"55007",526.394231247332,-1.10762531054288,0.348129492842182,-3.18164744245038,0.00146439962375524,0.030242100641183,-0.853964825680398,0.371983489418056,"SIRAL2"
"6320",39.6124631580636,1.02571418516964,0.322533807371933,3.18017572646834,0.00147185767796103,0.0303555927502682,0.759961580389159,0.405049620600484,"CLEC11A"
"9786",850.748163880198,-1.03626108737564,0.326930033297483,-3.16967235137042,0.00152610919638593,0.0311376238541951,-0.797085702631797,0.351029705983098,"KIAA0586"
"503582",16.6864660051105,-1.63529716719166,0.516607455921845,-3.16545405693691,0.00154841112548486,0.0313492451426699,-1.25514730271477,0.545110156255194,"ARGFX"
"164045",15.6189673933199,2.2915051538824,0.724242300279965,3.16400347369464,0.00155614938156342,0.0314647302405529,1.61747837480397,1.0372705950401,"HFM1"
"2735",23.7105795821933,1.41257897937191,0.447547933215486,3.15626299338037,0.0015980470037413,0.0320581103134486,1.00790230650469,0.605660677147654,"GLI1"
"990",67.769211709871,1.32470378874392,0.419753875171957,3.15590603708242,0.00160000395409764,0.0320581103134486,0.923400168233525,0.620719589479765,"CDC6"
"3007",82.1627488952713,1.07357231881772,0.340310158685173,3.15468783819321,0.00160669913865604,0.0321506109660177,0.77700026005626,0.461468442024372,"H1-3"
"55799",16.2203628166202,2.53282926996848,0.804140269097235,3.14973564601105,0.00163418258763139,0.0324904065109028,1.74822245278301,1.24603304558794,"CACNA2D3"
"2564",418.514956607573,1.03944314846747,0.33095232451487,3.14076400578588,0.00168507755430819,0.0330352086312282,0.736095086899132,0.469767684971005,"GABRE"
"387700",123.04369571411,-1.27537308052444,0.407250385330057,-3.13166819840037,0.00173816190900081,0.0335827715665968,-0.972522474723819,0.433825284127233,"SLC16A12"
"53630",26.4958966612301,1.40203340557984,0.447752819835505,3.13126650122476,0.00174054134464516,0.0335827715665968,0.990321814216476,0.613694301367802,"BCO1"
"440163",23.4423275938487,-1.08748991749659,0.347592836084722,-3.12863156141551,0.00175622370193038,0.0337038067263761,-0.822676509885399,0.384228418613066,"RNASE13"
"257144",28.0386007182082,1.09299066465802,0.349680620109958,3.12568269958548,0.00177392840869928,0.0339173357549573,0.793295963642355,0.444071607916014,"GCSAM"
"7873",458.148789670276,1.08178467476282,0.347315909433254,3.11469945770137,0.00184132418137235,0.0346491513837804,0.757170045936729,0.507737645166084,"MANF"
"1475",205.758453466583,1.29860008512295,0.417972046862162,3.10690653806137,0.00189056159725361,0.0352327792606251,0.862367299935146,0.693142433069151,"CSTA"
"50509",600.712002175527,1.5409381310984,0.496041465374112,3.10647040350999,0.00189335260544227,0.0352423322514815,0.975063488018679,1.0188960924096,"COL5A3"
"6275",112.969481272875,1.20574846946485,0.388871223833774,3.10063690899448,0.00193104919923985,0.0355082451718551,0.819790837362319,0.59579198646385,"S100A4"
"8340",16.707742778769,1.72852446773495,0.562234724976848,3.07438226588748,0.00210938960246808,0.0371224546688777,1.18710918890903,0.800167726603343,"H2BC13"
"6282",269.677968441338,1.13685788918523,0.371056640136131,3.06383922618431,0.00218516308774804,0.0381922063743353,0.760307721698439,0.587542187749488,"S100A11"
"1043",104.625021081502,1.41810390015013,0.465593777175317,3.04579650688963,0.00232064837842739,0.0392303706202349,0.871283542374775,0.954145820010082,"CD52"
"10974",508.751113642009,1.15792657386576,0.380442801054701,3.0436285577113,0.00233743546585419,0.0393227806824712,0.753070779006989,0.64202597157929,"ADIRF"
"51513",19.4019479912685,1.46700158475381,0.482071117435163,3.04312275035046,0.00234136805072123,0.0393227806824712,1.00678407279784,0.673853221912121,"ETV7"
"201799",1102.99452320771,1.13591175844425,0.373688641945834,3.03972781331925,0.00236792042656228,0.0395262488058989,0.757047773723896,0.606989130961435,"TMEM154"
"84812",297.747951061603,-1.02041344777383,0.337286362372699,-3.0253623081454,0.00248335449005628,0.0409079097467419,-0.756463441625609,0.369368756308109,"PLCD4"
"252995",1499.17349863616,1.09985438704336,0.364213605747482,3.01980587679066,0.00252936745273151,0.0412703119819103,0.724494513858513,0.597928578940214,"FNDC5"
"8342",17.5408234799335,1.49809768064123,0.496205521777622,3.0191072345878,0.002535207790357,0.0413118259954964,1.02259047882735,0.695518195699505,"H2BC14"
"2254",14.0413936134697,-1.21831113442197,0.405155380744307,-3.0070219780466,0.0026382068819903,0.0418112541502315,-0.887735440342005,0.456516527426799,"FGF9"
"84733",23.1633497440228,1.2878193672354,0.428844165485567,3.00300078882324,0.00267331738493457,0.0420424081467073,0.859711070451308,0.621830110458172,"CBX2"
"84966",10.7582841360226,2.12931945249017,0.709201645062094,3.0024175314818,0.00267844533564996,0.0420424081467073,1.41266854132493,1.03113040356784,"IGSF21"
"158056",1259.99093120132,1.1954386360048,0.398589038355658,2.9991758953946,0.00270710971289955,0.0422112631442845,0.717975343293482,0.829591943928666,"MAMDC4"
"1557",5689.92967073066,-1.5057581662887,0.502952643218987,-2.9938368683214,0.00275493199077408,0.0425486968274812,-1.10642191210175,0.531356457784685,"CYP2C19"
"121643",32.4455030716502,2.24070457130228,0.749937784424144,2.98785394980845,0.00280943773748505,0.0428991797606888,0.0406367836112079,0.13612124956301,"FOXN4"
"199974",36.5659820430422,-1.07080184208884,0.360053915367415,-2.97400415989408,0.00293941090182885,0.0439717677267781,-0.777865999030268,0.401549841452599,"CYP4Z1"
"3627",289.895129904767,1.54376951407758,0.521698471788214,2.9591221702951,0.00308516765116638,0.0454056833760623,0.0655584980949335,0.151790819988793,"CXCL10"
"1543",393.895809082153,-2.03536424331684,0.688838378731308,-2.95477764619552,0.00312894470787757,0.0457452899257563,-1.50085941828158,0.695640718402588,"CYP1A1"
"81621",19.3395298229482,1.21338955815611,0.411946988692706,2.9454992789406,0.00322433899303857,0.0465677642804114,0.796027036694981,0.585944347523717,"KAZALD1"
"8331",22.6845408425132,1.59465736057858,0.54359078340151,2.93356217447258,0.00335096531675864,0.0475529646969015,0.827869948811073,3.3572646351984,"H2AC14"
"285489",20.0014502047239,1.0774256161059,0.367348566902117,2.93297895563314,0.00335726647292451,0.0475987147600333,0.710939133862325,0.503791135130293,"DOK7"
"4597",498.9562052226,1.71883549034951,0.588123112576739,2.92257769435177,0.00347146999909007,0.0480292468210422,0.0523850326393075,0.142391376272298,"MVD"
"55635",27.9685080027156,1.53480093092175,0.525728901856691,2.91937712669281,0.00350731631552106,0.0482661643847685,0.0762439567261793,0.161137766849595,"DEPDC1"
"5020",24.8172230800256,2.01151662134754,0.690750106567535,2.9120757307489,0.00359035576920698,0.0488439956359662,0.0480028165610273,0.139846269032002,"OXT"
"114787",9.81630000431642,1.56665518574791,0.539114654496593,2.9059777408774,0.00366107491936931,0.0495446254180267,1.05378696071932,0.693994638990333,"GPRIN1"
