"ID","Description","setSize","enrichmentScore","NES","pvalue","p.adjust","qvalue","rank","leading_edge","core_enrichment","log2err"
"hsa00280","Valine, leucine and isoleucine degradation",46,-0.652828376016927,-2.36528211135652,1.41154786359132e-07,2.04086295277578e-06,6.61457856541137e-07,2799,"tags=52%, list=18%, signal=43%","38/223/3155/11112/34/501/56922/316/1738/39/64902/10449/4594/84693/549/594/64087/18/1629/3033/224/5095/4329/36",0.690132458796796
"hsa00982","Drug metabolism - cytochrome P450",60,-0.590588032981099,-2.26771770327286,3.61519136461789e-07,4.48025501258003e-06,1.45208176440667e-06,2771,"tags=57%, list=18%, signal=47%","2939/7367/1571/2941/125/124/131/2328/1559/1577/128/7364/54576/2948/10720/54658/54578/574537/127/316/7365/10941/4128/54657/2938/7363/4129/1576/4258/130/4257/2329/1557/1558",0.674962860011025
"hsa00053","Ascorbate and aldarate metabolism",28,-0.688545037680155,-2.22436999890849,6.58129179579755e-06,4.00650570726623e-05,1.29853632442281e-05,2679,"tags=54%, list=17%, signal=44%","7367/223/501/7364/54576/10720/54658/54578/574537/7365/10941/54657/7363/7358/224",0.610526878385931
"hsa05323","Rheumatoid arthritis",74,0.679210142895252,2.2031977704498,1e-10,1.05484667392356e-08,3.41883132801266e-09,2653,"tags=45%, list=17%, signal=37%","3115/3689/4050/7040/3113/3725/3109/3122/3108/3123/3127/6364/6372/2919/6347/10312/3120/8741/3383/2353/3111/3117/9296/7124/3576/3553/941/942/3683/6387/533/9114/7043",NA
"hsa04672","Intestinal immune network for IgA production",39,0.742987358784981,2.1901088045606,2.10265174355728e-08,7.29620155014375e-07,2.36474959363938e-07,3041,"tags=62%, list=20%, signal=50%","3115/7040/3113/3109/3122/3108/3123/7852/3127/3120/8741/23308/3111/9020/3117/3601/29851/941/942/4055/6387/3676/3586/3695",0.73376198835648
"hsa05204","Chemical carcinogenesis - DNA adducts",61,-0.583330731260732,-2.18915183964657,4.73195192492027e-07,5.47329105982444e-06,1.7739316438339e-06,2771,"tags=49%, list=18%, signal=41%","2939/7367/1571/2941/2052/1559/1577/7364/54576/2948/10720/54658/3290/54578/574537/7365/1562/10941/1646/54657/64816/2938/7363/1576/4258/10/4257/9/1557/1558",0.674962860011025
"hsa04940","Type I diabetes mellitus",35,0.753754767499699,2.18381498030049,3.03040993640191e-08,8.76293539942887e-07,2.84012822048198e-07,2149,"tags=60%, list=14%, signal=52%","3115/3113/3109/3122/3108/3123/3134/3127/3120/3111/3106/3117/7124/3105/3553/941/5799/942/5551/3133/3107",0.719512826338911
"hsa04612","Antigen processing and presentation",61,0.690249484096016,2.18207356484739,2.89412539656533e-09,1.26695338326251e-07,4.10628390353477e-08,2149,"tags=48%, list=14%, signal=41%","3115/972/3113/6891/3109/3122/3108/3123/5993/3310/3134/10437/3306/3127/1520/3120/6890/925/3111/3106/3304/3117/7124/8625/3105/811/3133/3303/3107",0.774939030136436
"hsa05330","Allograft rejection",30,0.76932470544583,2.1589980556968,1.20209679631815e-07,1.81359821009738e-06,5.877997751129e-07,2149,"tags=63%, list=14%, signal=55%","3115/3113/3109/3122/3108/3123/3134/3127/3120/3111/3106/3117/7124/3105/941/942/5551/3133/3107",0.690132458796796
"hsa05332","Graft-versus-host disease",29,0.781892905904628,2.1587328520466,6.96787269160449e-08,1.27255359157198e-06,4.12443456759344e-07,2149,"tags=69%, list=14%, signal=60%","3115/3113/3109/3122/3108/3123/3134/3127/3120/3111/3106/3117/7124/3105/3553/941/942/5551/3133/3107",0.704975715167238
"hsa00140","Steroid hormone biosynthesis",54,-0.581322105732003,-2.15669511122149,2.18152689017208e-06,1.54487720589737e-05,5.00705431416788e-06,2680,"tags=48%, list=17%, signal=40%","412/7367/1571/1109/1577/7364/54576/10720/6715/54658/3290/54578/574537/7365/6783/51144/10941/1646/6718/54657/7363/1576/8630/9420/51170/8644",0.627256739718528
"hsa04518","Integrin signaling",146,0.601677614467553,2.13479165737572,1e-10,1.05484667392356e-08,3.41883132801266e-09,2059,"tags=37%, list=13%, signal=32%","1277/3687/10319/3689/5154/64098/1282/7058/7040/87/6696/3911/1292/1284/83706/1278/7057/1286/5880/595/1291/5155/3680/6714/3383/7450/1298/5159/7148/3913/71/2316/5293/896/2324/2200/1285/3611/1293/207/2064/80310/81/3914/5881/5228/5296/55679/55742/3384/3684/8440/3683/7412",NA
"hsa05219","Bladder cancer",38,0.708566516450998,2.10557552011904,7.19346013582988e-07,7.1318019060942e-06,2.31146652726727e-06,1481,"tags=45%, list=10%, signal=41%","11186/4318/4609/7057/1026/595/1869/4313/6714/1890/1613/2261/1839/1871/5595/3576/2064",0.659444398037935
"hsa05320","Autoimmune thyroid disease",32,0.745168353006295,2.09708965402073,1.49297440690008e-06,1.2418688884783e-05,4.02498331385128e-06,2149,"tags=56%, list=14%, signal=49%","3115/3113/3109/3122/3108/3123/3134/3127/3120/3111/3106/3117/3105/941/942/5551/3133/3107",0.643551836150722
"hsa05140","Leishmaniasis",68,0.65113839910199,2.09256548575088,1.7553205124086e-08,6.7677357533976e-07,2.19347015878288e-07,1999,"tags=44%, list=13%, signal=39%","3115/3689/7040/4689/1535/3113/3725/3109/3122/3108/3123/6300/3127/4688/2209/3120/5600/2353/3111/3654/3117/7124/65108/5595/5777/3553/1536/10454/653361/3684",0.73376198835648
"hsa05310","Asthma",21,0.801693960587874,2.08129730373749,1.50312660853281e-06,1.2418688884783e-05,4.02498331385128e-06,1285,"tags=52%, list=8%, signal=48%","3115/3113/3109/3122/3108/3123/3127/3120/3111/3117/7124",0.643551836150722
"hsa00380","Tryptophan metabolism",40,-0.582980163166164,-2.06623113225142,3.10293919579929e-05,0.00016313937893066,5.28746056946931e-05,2799,"tags=45%, list=18%, signal=37%","38/223/56267/130013/501/121278/64577/316/847/1738/39/4128/6999/4129/3033/8942/51166/224",0.557332238758646
"hsa05416","Viral myocarditis",60,0.650299779899978,2.06320728300581,3.98311850240212e-07,4.76600731149495e-06,1.54469606900017e-06,3391,"tags=58%, list=22%, signal=46%","3115/3689/3113/3109/3122/3108/3123/1837/3134/5880/3127/595/3120/3383/3111/71/3106/3117/3105/941/5881/942/5551/3133/3683/3107/54205/6442/6640/3908/2534/60/1981/940/6444",0.674962860011025
"hsa05321","Inflammatory bowel disease",53,0.646892311015767,2.03679682336442,1.87432333058912e-06,1.44531154603205e-05,4.68435509582965e-06,2794,"tags=42%, list=18%, signal=34%","3115/7040/3113/3725/3109/3122/3108/3123/3127/3120/3111/3117/3561/7124/50615/3553/4772/30009/50943/64127/7043/3586",0.643551836150722
"hsa04658","Th1 and Th2 cell differentiation",81,0.618219234776261,2.03622620566097,1.05034695321858e-07,1.65812202572796e-06,5.37408863995465e-07,2335,"tags=44%, list=15%, signal=38%","3115/7535/3718/3714/3113/3725/3109/3122/3108/3123/4794/6300/3127/27040/3120/28514/5600/3932/2353/3111/864/4851/5335/3117/916/3561/5595/6776/915/84441/3560/5588/182/4772/30009/919",0.704975715167238
"hsa04820","Cytoskeleton in muscle cells",197,0.553553506689574,2.02713232104665,1e-10,1.05484667392356e-08,3.41883132801266e-09,3502,"tags=42%, list=23%, signal=33%","1277/1289/1282/7058/1281/752/7431/3339/50509/1292/1284/2275/4000/9260/1278/7057/1837/7791/1286/7171/2274/1462/1291/84823/3680/9672/27063/1298/71/1290/64423/4636/8557/25802/633/1634/2200/1285/4627/375790/1293/2199/91010/10398/27295/2010/4634/2026/85301/84033/6382/2027/51332/7094/483/23353/79784/5339/3676/6709/6442/7169/64236/7170/6640/200539/3675/3728/3695/25777/1302/3908/60/3685/271/6711/6444/9124/22801/832/114793/3691",NA
"hsa04512","ECM-receptor interaction",82,0.607481787082337,2.0188155698537,2.92181334880541e-07,4.0540680060746e-06,1.31395159578102e-06,3555,"tags=43%, list=23%, signal=33%","1277/10319/1282/7058/6696/3911/3339/1292/1284/1278/7057/1286/1291/3680/7450/1298/7148/3913/1285/375790/1293/3914/3918/6382/960/3676/9900/3675/3695/3908/3685/63923/22801/3691/3912",0.674962860011025
"hsa05169","Epstein-Barr virus infection",179,0.559161063293906,2.01671004072011,1.21596158377356e-10,1.05484667392356e-08,3.41883132801266e-09,3279,"tags=44%, list=21%, signal=35%","3115/4791/6850/581/3718/4609/3113/7431/3725/6891/3109/5971/3122/3108/3123/8717/4794/3134/1026/6300/578/3127/595/1869/3120/3383/5600/6890/3661/3665/3111/7186/5293/864/3106/896/5609/9636/3654/9020/1871/3117/916/7124/4616/3105/207/9612/11047/915/7187/10912/10454/5296/811/3133/377841/3683/5606/3107/919/960/6892/54205/7128/894/917/930/5704/1019/7188/1643/3280/3551/3627/4793/7297/4792",0.826657301178302
"hsa05340","Primary immunodeficiency",31,0.712973546263643,2.01457766231383,1.51461442397694e-05,8.61592139540983e-05,2.79247996078492e-05,1730,"tags=48%, list=11%, signal=43%","7535/3718/6891/5993/6890/3932/925/916/3561/29851/8625/5788/100/915/973",0.593325476396405
"hsa04064","NF-kappa B signaling pathway",96,0.593411668085611,2.00586293421648,4.75142407181967e-08,9.69849501718485e-07,3.14334958994514e-07,2059,"tags=38%, list=13%, signal=33%","4050/4791/6850/7535/5971/8717/6366/597/84433/2919/27040/3383/7185/23643/3932/7186/3654/5335/148022/9020/5328/7124/6363/4616/60401/3576/3553/7187/10848/10912/10454/29775/929/4055/5588/7412",0.719512826338911
"hsa04380","Osteoclast differentiation",124,0.564709827779569,1.98992155074286,4.29046751758265e-08,9.30495142875738e-07,3.01579937982315e-07,3279,"tags=46%, list=21%, signal=37%","54209/3710/4791/6850/7040/4689/1535/3725/3727/5971/3726/2354/6300/2274/3937/4688/2355/1436/2209/5600/7305/6688/3932/2353/7186/10288/5293/9021/5609/9020/8878/7124/10859/207/5595/3708/3553/10454/5296/653361/140885/79168/11006/4772/23547/489/2214/2213/7048/54/1513/3551/10990/2534/9846/7297/4792",0.719512826338911
"hsa04061","Viral protein interaction with cytokine and cytokine receptor",66,0.618103640365351,1.98664252693922,1.03697562252983e-06,9.46922476362767e-06,3.06904150851307e-06,3387,"tags=50%, list=22%, signal=39%","7852/8764/6366/57007/6364/1234/6372/2919/1436/6347/1236/4283/3587/7133/1230/146433/3561/7124/6363/1235/3576/8795/3560/6376/4055/6387/1233/3586/6369/729230/3627/6375/3606",0.643551836150722
"hsa00040","Pentose and glucuronate interconversions",32,-0.597843450318081,-1.98646049979523,0.000356671027556724,0.00142258444324348,0.000461069497732209,1845,"tags=50%, list=12%, signal=44%","7364/54576/10720/54658/54578/574537/7365/10941/28970/54657/9942/55277/441282/7363/7358/729920",0.49849310876659
"hsa04659","Th17 cell differentiation",97,0.580767548862392,1.98313006959211,3.41563084641296e-07,4.38971816187147e-06,1.42273814232454e-06,3279,"tags=46%, list=21%, signal=37%","3115/9466/7535/7040/3718/3113/3725/3109/3122/3108/3123/4794/6300/3127/27040/3120/5600/3932/2353/3111/5335/861/3117/916/3561/50615/3662/5595/3553/6776/915/3560/5588/4772/30009/50943/919/10148/917/7048/6256/3551/4793/7297/4792",0.674962860011025
"hsa04640","Hematopoietic cell lineage",82,0.595983441986324,1.98060366193977,1.15034685099567e-06,9.97925893238742e-06,3.23434712473375e-06,2976,"tags=40%, list=19%, signal=33%","3115/1438/3113/3109/3122/3108/3123/3127/1436/2209/3120/925/3111/921/914/3117/1441/916/7124/3553/915/2323/2057/929/3563/3684/951/960/926/3676/917/930/3675",0.643551836150722
"hsa00980","Metabolism of xenobiotics by cytochrome P450",64,-0.506473810584124,-1.97550691177692,2.5652319011824e-05,0.000139083667142233,4.50779824400536e-05,3830,"tags=56%, list=25%, signal=43%","126/4259/2953/1645/1543/1549/1548/2939/7367/1571/2941/125/124/131/2052/1559/1577/128/7364/54576/2948/10720/54658/3290/54578/574537/127/7365/10941/54657/2938/7363/1576/4258/130/4257",0.575610261071129
"hsa04933","AGE-RAGE signaling pathway in diabetic complications",98,0.58329885953963,1.97353994419881,1.04110596304591e-07,1.65812202572796e-06,5.37408863995465e-07,1777,"tags=35%, list=11%, signal=31%","1277/1282/7040/581/1281/3725/1284/1278/1286/5330/6300/50507/595/4313/113026/6347/3383/5600/7056/5293/5331/5335/5054/5292/1285/7124/207/5595/3576/3553/6776/1536/2152/5296",0.704975715167238
"hsa05145","Toxoplasmosis",103,0.574308815654632,1.97305386674308,3.03763020628068e-07,4.0540680060746e-06,1.31395159578102e-06,3279,"tags=44%, list=21%, signal=35%","3115/10319/7040/3113/3911/3109/3122/3108/3123/3310/6300/240/3127/1234/23533/3120/5600/23643/3111/3913/3304/3587/3654/3117/7124/207/5595/572/3949/3914/10454/3303/5606/5294/3918/330/54205/7043/3586/4261/3551/3908/4793/7297/4792",0.674962860011025
"hsa00830","Retinol metabolism",58,-0.519434313849157,-1.95185130421132,5.97775201045704e-05,0.000288094437170638,9.33734078680448e-05,3467,"tags=50%, list=22%, signal=39%","1543/216/1549/1548/8228/7367/125/124/131/1559/1577/128/7364/54576/10720/54658/54578/574537/127/316/7365/1562/10941/54657/7363/1576/8630/130/1558",0.557332238758646
"hsa00071","Fatty acid degradation",43,-0.556056816009109,-1.95025522959709,8.62766705631107e-05,0.000393921114281571,0.000127672568873179,2799,"tags=47%, list=18%, signal=38%","38/223/125/124/131/34/501/128/2180/127/51703/39/33/10449/130/3033/10455/224/36/113612",0.538434096309916
"hsa04613","Neutrophil extracellular trap formation",129,0.548236021276367,1.93052007415153,1.05125892121081e-07,1.65812202572796e-06,5.37408863995465e-07,3532,"tags=47%, list=23%, signal=36%","4353/8365/3689/6850/4689/1535/6404/2359/5330/6300/83933/5880/9555/27180/4688/6714/2209/5600/7450/71/5293/55766/5331/2357/293/5335/121504/8970/8341/8969/834/207/5595/8351/51564/10013/1536/1511/5296/653361/3684/3683/440689/85236/51311/3014/10014/79885/2214/3013/2358/3021/79792/60/3015/9759/55506/5579/8334/2212",0.704975715167238
"hsa04510","Focal adhesion",190,0.530245827385838,1.93050684469756,2.27120795978671e-09,1.26695338326251e-07,4.10628390353477e-08,3555,"tags=43%, list=23%, signal=34%","1277/10319/5154/64098/1282/7058/23396/87/6696/3725/3911/1292/1284/1278/7057/7791/1286/5880/595/9564/1291/5155/2012/3680/54776/6714/7450/1298/25759/5159/7148/3913/71/2316/5293/896/4636/2324/7408/1285/3611/1293/207/5595/572/2064/10398/80310/81/824/3914/5881/5228/5296/55742/10627/7410/3082/5156/3918/330/3265/7409/7094/5499/858/3676/894/2889/7424/3675/3695/3908/2534/60/3685/63923/5579/22801/3691/29780/3912",0.774939030136436
"hsa04668","TNF signaling pathway",111,0.560064189488185,1.9293562708134,5.10433122220156e-07,5.53500916907481e-06,1.79393491166675e-06,3279,"tags=49%, list=21%, signal=39%","4318/3725/3726/8717/8986/6300/3976/6364/10488/6372/2919/4323/6347/83786/3383/5600/7185/2353/153090/7186/5293/9021/5609/7133/602/64285/11035/9020/7124/79651/207/5595/3553/7187/3659/10454/5296/6376/7412/5606/182/64127/1051/192111/330/7128/1388/7424/7188/1906/5743/3551/3627/4792",0.659444398037935
"hsa05322","Systemic lupus erythematosus",76,0.594586301785284,1.92825963437899,1.96856121108796e-06,1.48497987010331e-05,4.81292288906176e-06,3758,"tags=61%, list=24%, signal=46%","3115/8365/87/3113/3109/3122/3108/3123/3127/9555/2209/3120/712/3111/55766/121504/8970/8341/3117/713/7124/8969/733/714/8351/81/941/6628/1511/942/440689/85236/3014/730/2214/3586/3013/3021/3015/940/55506/8334/2212/3119/8364/8363",0.627256739718528
"hsa04145","Phagocytosis",219,0.526715583521884,1.92805753912229,2.54086677774929e-10,1.76336154375801e-08,5.71517722664736e-09,3746,"tags=38%, list=24%, signal=30%","4069/4353/3115/3689/7058/11151/6850/4689/4318/1535/3113/6891/3109/3122/3108/84557/3123/7057/2219/78989/6810/3134/5880/3127/1520/4688/1509/9902/10312/2209/3120/6890/3111/71/5293/3106/57617/89849/9146/3117/9296/7846/3105/3916/84971/10120/1667/1536/1511/5296/653361/929/811/3133/8547/1785/3684/3107/23192/533/3934/84617/9114/2214/10121/2213/8685/84329/10376/1513/4057/64601/60/3685/84315/537/2212/3119/5878/1508/949/22925/83658/2220",0.814035837847908
"hsa05144","Malaria",43,0.635163570526131,1.92594428821362,3.61646009134618e-05,0.000187300246521959,6.07053106753381e-05,2794,"tags=51%, list=18%, signal=42%","3040/3689/7058/7040/3039/2995/7057/3043/6347/3383/975/7124/3576/3553/3683/7412/22914/3082/3820/6382/7043/3586",0.557332238758646
"hsa05152","Tuberculosis",152,0.537075195749726,1.9224520013189,3.76741031825972e-08,9.30495142875738e-07,3.01579937982315e-07,2960,"tags=37%, list=19%, signal=30%","3687/3115/972/3689/11151/6850/7040/581/3113/3109/4046/3122/3108/3123/8717/5993/6300/3127/1520/1509/9902/6714/8844/10312/2209/3120/5600/1263/64170/3111/3587/3654/3117/7124/8625/7421/207/5595/572/3916/3553/929/3684/2207/64127/1051/533/56848/9114/54205/2214/7043/3586/2213/816/8877",0.719512826338911
"hsa05203","Viral carcinogenesis",167,0.529187123096469,1.90667976845614,2.54367314961038e-08,8.02413257195274e-07,2.60067709320063e-07,2997,"tags=38%, list=19%, signal=31%","8365/5315/4791/6850/581/3718/87/2934/3725/8717/3134/1026/578/83933/595/10488/2648/1234/7533/6714/7185/8379/23513/3661/3665/7186/5293/3106/896/1960/121504/8970/8341/3105/5595/572/3249/51564/6776/10013/81/7187/5296/3133/4055/3107/1959/440689/85236/6722/983/3265/10014/79885/9114/55697/1233/894/2968/1388/5366/1019/7188",0.73376198835648
"hsa05166","Human T-cell leukemia virus 1 infection",204,0.520227056290351,1.90642482426096,2.92092999023057e-09,1.26695338326251e-07,4.10628390353477e-08,2993,"tags=38%, list=19%, signal=31%","3115/3689/4791/7040/581/3718/4609/3113/3725/3109/5971/706/3122/3108/3123/3134/1026/3127/595/1869/10488/2648/7538/3120/3383/4776/8379/6688/6929/3932/29882/2353/3111/5293/3106/896/293/9020/1871/3117/916/10524/3561/3601/7124/51529/3105/207/5595/109/6776/915/4316/23373/5296/811/3133/196883/3560/3683/8829/4055/1031/3107/4772/1959/6722/112/3265/7094/7043/55697/894/2114/1388/917/7048/1019",0.774939030136436
"hsa05146","Amoebiasis",88,0.569117426847312,1.89769299839283,2.10170513782614e-06,1.52302973969305e-05,4.93624515891954e-06,1999,"tags=34%, list=13%, signal=30%","1277/10319/3689/1282/7040/1281/87/3911/1284/1278/1286/5330/2769/5269/2919/3913/5293/5331/3315/1285/7124/3576/3553/733/81/3914/1511/5296/929/3684",0.627256739718528
"hsa05150","Staphylococcus aureus infection",59,0.600430116747827,1.89478051225415,1.7313682484497e-05,9.69007713245235e-05,3.14062129504215e-05,2016,"tags=42%, list=13%, signal=37%","3115/3689/3875/3113/3109/6404/3122/3108/5724/3123/2359/3127/2209/3120/719/3383/712/3111/2357/3117/713/714/1667/3684/3683",0.575610261071129
"hsa05222","Small cell lung cancer",89,0.562369904716461,1.88056898479275,5.77338665974371e-06,3.64248212896558e-05,1.18055375459582e-05,3279,"tags=44%, list=21%, signal=35%","10319/1282/581/4609/3911/1284/1286/1026/578/595/1869/7709/7185/7186/3913/5293/1871/1285/4616/207/3914/7187/10912/5296/3918/330/54205/1164/3675/1019/7188/1643/5743/9618/6256/3551/3908/3685/4792",0.610526878385931
"hsa00640","Propanoate metabolism",31,-0.573522655216075,-1.87956885710059,0.00140518548640869,0.00497550371207976,0.00161259530735689,1204,"tags=32%, list=8%, signal=30%","8803/1738/4594/55862/84693/594/18/1629/5095/4329",0.45505986738723
"hsa04670","Leukocyte transendothelial migration",102,0.541676388376442,1.87519320884701,4.92336545022498e-06,3.22341096458126e-05,1.04472987982029e-05,2353,"tags=40%, list=15%, signal=34%","3689/4689/4318/1535/87/7070/7852/6300/5880/9564/4313/4688/7122/3383/5600/4478/71/5293/4636/5335/24146/7408/90952/6494/7430/10398/81/1536/9080/1003/5296/10411/653361/3684/3683/7412/1365/10627/7410/9071/6387",0.610526878385931
"hsa04621","NOD-like receptor signaling pathway",148,0.518687577134327,1.85185107024833,9.67685649163593e-07,9.07532216918288e-06,2.94137494204761e-06,1708,"tags=29%, list=11%, signal=26%","51393/63940/3710/1535/7205/3725/9051/84557/29108/5330/6300/5585/7226/2919/6347/340061/5600/81858/64170/3661/3665/114548/7186/114769/5331/148022/84674/11035/22861/10616/7124/834/171389/5595/3708/3576/3553/1667/3428/1536/7187/115362/10454",0.643551836150722
"hsa00650","Butanoate metabolism",26,-0.585273800998545,-1.8516265138955,0.0017535132555651,0.00608469099681091,0.00197209060950987,4717,"tags=62%, list=30%, signal=43%","3157/7915/142827/3030/2571/123876/3158/2572/38/3155/348158/39/6296/18/3033/79944",0.45505986738723
"hsa04060","Cytokine-cytokine receptor interaction",193,0.509880982238315,1.85013071801533,6.59868999443301e-08,1.27208079337125e-06,4.12290219578963e-07,2893,"tags=32%, list=19%, signal=26%","51330/9235/1438/4050/9466/84957/7040/7852/8764/27242/6366/57007/3976/6364/1234/1439/6372/2919/1436/6347/1236/8741/939/4804/4283/3587/8742/7133/1230/1271/1441/146433/3561/3601/7124/6363/50615/1235/23529/60401/3576/3553/8795/94/2057/3563/3560/6376/4055/650/6387/9173/7043/8718/1233/10148/3586/6369/944/768211/9518",0.704975715167238
"hsa04974","Protein digestion and absorption",87,0.556502693390621,1.84896905354764,6.3505155605579e-06,3.93505160627427e-05,1.27537755405123e-05,1589,"tags=26%, list=10%, signal=24%","1277/1289/1282/1281/9056/486/50509/1292/1284/1278/1307/1286/1291/1298/80781/1290/6510/1296/1285/6546/10008/1293/7373",0.610526878385931
"hsa00531","Glycosaminoglycan degradation",17,0.748415971773172,1.8483994237871,0.000278240363581709,0.00112266751352155,0.000363864337922506,1631,"tags=35%, list=11%, signal=32%","8692/3425/6448/2588/3073/4669",0.49849310876659
"hsa04514","Cell adhesion molecule (CAM) interaction",140,0.524528992256052,1.84733443224194,6.74340084356124e-07,6.88223556681103e-06,2.23058034349754e-06,3795,"tags=47%, list=24%, signal=36%","3115/3689/3113/3109/6404/3122/3108/3123/3134/3127/1462/7122/3680/9672/3120/3383/23308/925/64115/3111/3106/23114/24146/914/90952/3117/57555/29851/5788/3105/4756/9080/941/1003/942/3133/80381/3384/3684/64101/3683/7412/1365/3107/9071/5818/6693/6382/120425/926/3676/5792/1002/6402/3695/79679/3685/940/22829/6614/54413/3119/5010/947/933/1013",0.659444398037935
"hsa05168","Herpes simplex virus 1 infection",151,0.517798736578886,1.83808691394854,5.34604072463033e-07,5.62144282256583e-06,1.82194865903446e-06,2685,"tags=34%, list=17%, signal=29%","3115/972/6850/581/3113/6891/3109/3122/3108/3123/8717/8764/3134/578/3127/5371/6347/6714/340061/3120/64170/6890/3661/3665/3111/7186/5293/3106/9021/3654/29992/148022/3117/7124/3105/207/572/3553/7187/10454/5296/811/3133/3107/5818/7249/330/1616/6892/54205/5499/115004",0.659444398037935
"hsa04657","IL-17 signaling pathway",69,0.570656266222933,1.83797276396253,1.31713657668088e-05,7.61743986847112e-05,2.46886516357057e-05,3279,"tags=45%, list=21%, signal=36%","4318/3725/3727/6280/8717/2354/6300/6364/6279/5598/6372/2919/6347/5600/2353/7186/7124/5595/3576/3553/7187/1051/3934/7128/727897/7188/5743/9618/3551/3627/4792",0.593325476396405
"hsa00532","Glycosaminoglycan biosynthesis - chondroitin sulfate / dermatan sulfate",21,0.705071396102474,1.83045310030081,0.000500586662632271,0.00195172552734155,0.000632567797909259,4137,"tags=76%, list=27%, signal=56%","54480/26229/51363/50515/79586/55501/9469/11285/166012/113189/64132/64131/126792/10090/22856/55790",0.477270815362862
"hsa01240","Biosynthesis of cofactors",146,-0.422871986911498,-1.82263163349317,1.11920380091342e-06,9.95804407479375e-06,3.22747124205302e-06,2039,"tags=27%, list=13%, signal=24%","8836/204/51727/84274/493911/7364/2058/1503/1352/54576/10720/54658/54578/29968/574537/7365/1719/50808/1738/2729/102157402/10941/79717/54657/6999/200895/9054/11019/7363/1371/8630/4522/205/4338/441024/8942/7358/224/10243/154807",0.643551836150722
"hsa05135","Yersinia infection",132,0.514595437655035,1.8224954003671,2.64648325259727e-06,1.8366593773025e-05,5.952740595611e-06,2217,"tags=36%, list=14%, signal=31%","7535/23396/3725/29108/6300/6195/5880/9564/3937/5585/27040/6347/6714/391/9138/5600/10095/63916/3661/3932/2353/925/114548/7186/71/5293/5609/3654/7456/5335/148022/3984/7124/834/207/5595/3576/3553/10454/5881/5296/2533/10093/10458/5606/4772/7410/7454",0.627256739718528
"hsa04062","Chemokine signaling pathway",154,0.507442341034507,1.80818482379821,9.37806475722167e-07,9.03941241876644e-06,2.92973634254876e-06,3556,"tags=43%, list=23%, signal=33%","2268/156/3718/3055/2869/7852/6366/409/408/5330/5880/6364/9564/1234/23533/6372/2919/6347/1236/6714/25759/2870/5293/4283/5331/5335/1230/1794/2783/6363/1235/207/5595/109/572/3576/5881/5296/653361/196883/6376/2931/2782/5294/7410/7454/6387/112/3265/7409/1233/6369/2793/10235/57580/10681/729230/3551/3627/4793/6375/4792/5579/2791/54331/5580",0.659444398037935
"hsa05167","Kaposi sarcoma-associated herpesvirus infection",164,0.505049264457754,1.80777254838211,5.09081686023279e-07,5.53500916907481e-06,1.79393491166675e-06,3279,"tags=37%, list=21%, signal=30%","3710/6850/581/4609/3725/3055/84557/8717/3134/1026/6300/578/595/1869/1234/7538/5155/23533/2919/6714/3383/5600/4776/3661/3665/2353/7186/5293/3106/5609/5335/148022/1230/1871/2783/3105/207/5595/3708/3576/7187/5296/942/3133/2782/3107/4772/5294/3265/54205/51176/1233/9976/2793/57580/1019/10681/5743/3551/7297/4792",0.659444398037935
"hsa04146","Peroxisome",82,-0.449885151669792,-1.80588887443401,7.66468172524955e-05,0.000354619274488213,0.000114934569649624,2105,"tags=32%, list=14%, signal=28%","51268/8540/570/54677/8443/5264/25961/2180/26061/5825/847/5824/283927/51703/6342/51179/5189/8504/83594/5194/8309/55825/10455/5828/6647/3417",0.538434096309916
"hsa04666","Fc gamma R-mediated phagosome formation",93,0.534563303395605,1.79795520179362,2.24915371679176e-05,0.000123881958686784,4.0151003155615e-05,3575,"tags=48%, list=23%, signal=37%","6850/23396/2934/5338/3055/3635/5880/27040/3985/1072/2209/274/4651/10095/8681/5293/5335/3984/7408/65108/5788/207/5595/8612/5296/653361/3636/1785/10093/7410/7454/10109/7409/56848/2214/6199/2213/8877/8398/9846/10092/5579/2212/5580/5581",0.575610261071129
"hsa05164","Influenza A",140,0.5080799082047,1.78940253563465,3.46884261609877e-06,2.36017330938485e-05,7.64948560689965e-06,3414,"tags=39%, list=22%, signal=30%","3115/581/3113/3109/3122/3108/3123/8717/29108/578/3127/5371/6347/3120/3383/3661/3665/114548/3111/3838/71/5293/9021/896/293/148022/9230/3117/7124/834/207/5595/3576/3553/7187/8795/7177/5296/79671/64499/29107/3337/54205/1019/4261/3551/3627/4793/60/7297/4792/3606/10898/5579",0.627256739718528
"hsa05133","Pertussis",69,0.555124220881923,1.78794706899495,4.74737456622859e-05,0.000238744778910336,7.73788408984699e-05,1999,"tags=36%, list=13%, signal=32%","3689/3394/3725/29108/6300/6372/1072/5600/712/23643/3661/2353/114548/3654/148022/713/7124/834/5595/3576/3553/714/3659/929/3684",0.557332238758646
"hsa04010","MAPK signaling pathway",264,0.476532948726664,1.78538161556882,3.61019059959887e-08,9.30495142875738e-07,3.01579937982315e-07,2696,"tags=31%, list=17%, signal=26%","8074/5154/4791/7040/1850/22808/3164/4609/3725/3727/5971/26291/8717/1844/3310/8986/409/408/5871/6300/6195/5880/5598/5155/1436/5600/8681/1969/4804/2353/5159/6237/7186/1843/9064/2316/3304/5609/3654/2261/9344/23162/2324/9020/3315/1943/7124/4616/207/5595/3553/2064/80310/1847/2323/2768/10912/4296/10454/5881/5979/5228/2872/929/1849/1846/3303/5606/8912/4772/3082/6722/2260/51295/5156/115727/3265/1616/5778/7043/2069/3925",0.719512826338911
"hsa00785","Lipoic acid metabolism",18,-0.620491547497687,-1.78043673997796,0.00533216534676064,0.0155484149187054,0.00503934925701452,1003,"tags=28%, list=6%, signal=26%","1738/11019/594/1629/2653",0.407017918923954
"hsa04650","Natural killer cell mediated cytotoxicity",92,0.525550855150983,1.77140503807758,4.50225870355092e-05,0.000229747613254731,7.44627970252602e-05,2642,"tags=40%, list=17%, signal=34%","3689/10870/6850/7535/5880/3937/27040/3383/962/7305/3932/25759/5293/3106/5335/7124/3105/5595/5777/8795/5881/5296/7462/5551/3133/3384/3683/2207/22914/3107/4772/7410/919/6452/3265/7409/2214",0.557332238758646
"hsa04015","Rap1 signaling pathway",188,0.485075467663171,1.76354731688317,1.7449927688563e-06,1.39604924488199e-05,4.52469255659503e-06,2601,"tags=34%, list=17%, signal=28%","8074/3689/5154/22808/26291/7057/57121/5330/6300/5880/9564/3937/5155/27040/1436/6714/5600/9170/1969/4804/2846/5159/6237/71/5293/5900/5331/25865/2357/2149/2261/51466/5335/2324/64411/7408/6494/1943/207/5595/109/80310/3397/5881/5028/5228/5296/10411/2533/196883/3684/3683/5606/7410/3082/5909/112/2260/5156/3265/7409/7094/50855",0.643551836150722
"hsa04926","Relaxin signaling pathway",113,0.511397887639702,1.76316321424329,2.73248275727937e-05,0.000145872541042453,4.72783036190233e-05,1430,"tags=25%, list=9%, signal=23%","1277/1282/7040/1281/4318/3725/1284/1278/1286/409/408/5330/2769/6300/10488/4313/6714/5600/25759/2353/5293/5331/5609/2783/1285/207/5595/109",0.575610261071129
"hsa04928","Parathyroid hormone synthesis, secretion and action",101,0.518392896781163,1.75611251790178,5.62893168464518e-05,0.000275104125996039,8.91631578002165e-05,3832,"tags=47%, list=25%, signal=35%","8074/3710/3727/5338/5141/409/408/5330/1026/6446/10488/4323/9138/4324/2353/5331/1839/4209/7421/4041/5595/3708/109/64386/2768/196883/5745/65268/27347/9826/112/2260/10893/2767/1388/6256/8521/9368/4929/4208/5579/90993/2771/1594/5143/113/5566",0.557332238758646
"hsa04148","Efferocytosis",152,0.48873046881613,1.74940283095651,8.57576559581616e-06,5.13067355473829e-05,1.66288693099832e-05,3263,"tags=38%, list=21%, signal=30%","2621/7040/1850/1788/7057/9023/1844/6300/240/8578/682/6446/9564/558/5600/4776/84868/712/5467/57617/29933/5732/23166/713/834/5595/5777/714/5734/1847/2057/126129/89790/140885/811/1849/1846/6376/4772/9392/489/1051/7301/56848/338440/3586/4240/54896/816/8877/5743/8398/6256/7376/64601/6513/3685",0.593325476396405
"hsa00760","Nicotinate and nicotinamide metabolism",34,-0.520075793958765,-1.7462642878665,0.00360391326589381,0.0116577495708034,0.00377835759755895,3237,"tags=41%, list=21%, signal=33%","4860/133686/22978/349565/5169/23530/25961/316/83594/54981/23411/23408/5167/4907",0.431707695803346
"hsa04151","PI3K-Akt signaling pathway",303,0.461903981227469,1.72924406236398,4.052101739746e-08,9.30495142875738e-07,3.01579937982315e-07,3555,"tags=33%, list=23%, signal=26%","8074/1277/10319/5154/1282/7058/6850/3718/3164/4609/6696/3911/1292/1284/26291/1278/7057/1286/28227/57121/1026/6446/595/10488/1291/5155/54541/5585/23533/3680/7533/1436/7450/1298/9170/1969/4804/2846/92579/5159/7148/3913/5293/896/2149/2261/2324/1441/3561/2783/1285/1943/1293/207/5595/572/2064/80310/2323/3914/2057/5979/5228/5296/3563/3560/2782/6794/5294/3082/2260/7249/5156/3918/3265/6199/2069/3676/894/2793/1388/930/7424/3675/1019/10681/3695/11140/6256/3551/3908/3685/2264/63923/5518/22801/2791/3691/54331/90993/3912",0.719512826338911
"hsa04625","C-type lectin receptor signaling pathway",94,0.508874984512579,1.72166867068995,0.000254078988559355,0.00103724010623643,0.000336176721938381,2234,"tags=34%, list=14%, signal=29%","3710/4791/6850/22808/3725/5971/4046/29108/6300/6714/8844/5600/4776/1263/64170/114548/6237/5293/1960/602/9020/7124/834/207/5595/3708/3553/3659/5296/2207/4772/1959",0.49849310876659
"hsa05130","Pathogenic Escherichia coli infection",181,0.475684534439866,1.72128029514325,5.32614398024309e-06,3.42254066878584e-05,1.10926919988472e-05,3655,"tags=39%, list=24%, signal=30%","9266/581/3725/3059/4542/8717/29108/57121/6300/578/7122/6714/4641/9138/64005/5600/4651/10095/9170/2846/2353/114548/7186/71/2149/3654/7456/24146/7846/4627/7124/7430/834/9181/5595/3576/5777/3553/2768/9080/8795/10454/10093/10458/8440/1365/9826/2017/9071/10109/375/84617/3071/54205/79784/10061/10376/3551/9368/2534/4793/60/4792/10092/27128/3606/9265/2212/8772/5010",0.610526878385931
"hsa04810","Regulation of actin cytoskeleton",206,0.472959145918566,1.71687969705308,1.77020653529705e-06,1.39604924488199e-05,4.52469255659503e-06,2724,"tags=34%, list=18%, signal=29%","8074/3687/3689/5154/7114/23396/87/22808/2934/26291/7852/57121/5880/9564/5155/3680/54776/3985/1072/6714/9138/10095/9170/2846/4478/28984/5159/6237/71/5293/6548/128239/4636/2149/2261/3984/28964/4627/7430/207/2245/5595/733/10398/624/80310/81/2768/5881/5296/8826/10093/3684/10458/3683/5305/89846/10627/7410/6387/10109/2260/10297/5156/3265/730/7409/3071/5499/79784/3676",0.643551836150722
"hsa05163","Human cytomegalovirus infection",192,0.475394986920284,1.71684153132511,4.90541648166866e-06,3.22341096458126e-05,1.04472987982029e-05,3279,"tags=38%, list=21%, signal=30%","3710/581/4609/6891/7852/8717/3134/5330/1026/6300/578/5880/595/1869/10488/9564/1234/6347/6714/340061/9138/5600/4776/6890/3661/7186/5293/3106/3587/5331/1230/5732/1871/2783/7124/3105/207/5595/3708/109/3576/3553/5734/2768/5881/5296/811/3133/196883/6376/2782/3107/4772/9826/6387/112/7249/5156/3265/6892/54205/6199/115004/2793/2767/1388/1019/7188/10681/5743/3551/3685/4792",0.610526878385931
"hsa00770","Pantothenate and CoA biosynthesis",21,-0.569885142361243,-1.71470871791999,0.00919638033675251,0.0252007925962269,0.00816775189689542,2425,"tags=43%, list=16%, signal=36%","53354/5169/1807/339896/60496/79717/1806/224/5167",0.380730400722792
"hsa04611","Platelet activation",117,0.488248239939864,1.70578230845852,0.000146204754077088,0.000642190502085437,0.000208138401661299,2213,"tags=30%, list=14%, signal=26%","1277/3710/6850/1281/83706/1278/5330/6300/3937/23533/6714/9138/5600/7450/8681/5739/71/5293/5331/2149/7408/2982/207/5595/3708/109/5028/5742/5296/196883/6915/2207/5294/10627/11093",0.518848077743792
"hsa05417","Lipid and atherosclerosis",187,0.471976330313955,1.69974484518337,1.06429186382174e-05,6.2594792668838e-05,2.0287407017239e-05,2207,"tags=29%, list=14%, signal=25%","581/4689/4318/1535/3725/3310/29108/5330/6300/3306/4688/2919/6347/6714/9138/3383/5600/23643/3661/3665/2353/114548/7186/5293/3304/5331/335/5609/3654/142678/5335/148022/7124/834/207/5595/3708/572/9619/3576/3553/3949/1536/7187/8795/10454/5296/653361/929/3303/7412/5606/4772/7410",0.593325476396405
"hsa04210","Apoptosis",127,0.483521895778509,1.6927756568174,7.16661081514829e-05,0.000336055939575197,0.000108918063884199,3279,"tags=35%, list=21%, signal=28%","3710/581/3725/4000/8717/27113/578/597/1520/84823/1439/1509/7185/2353/153090/7186/71/5293/9020/7846/7124/4616/207/5595/3708/572/824/8795/10912/5296/3563/5551/27429/823/330/3265/1616/54205/6709/5366/10376/1513/3551/60/4792",0.538434096309916
"hsa05218","Melanoma",60,0.530545894961846,1.68326391656242,0.0021153388760509,0.00712643291252098,0.00230972639916318,2476,"tags=38%, list=16%, signal=32%","8074/5154/581/26291/1026/578/595/1869/5155/5159/5293/1871/4616/207/5595/572/80310/10912/5296/3082/2260/5156/3265",0.431707695803346
"hsa04072","Phospholipase D signaling pathway",136,0.477365722411213,1.68160578460145,9.78739500011803e-05,0.000441068320135189,0.000142953305721982,2574,"tags=31%, list=17%, signal=26%","9266/5154/6850/23396/22808/5338/57121/5330/8525/5155/23533/8681/9170/2846/25759/5159/6237/5293/5900/5331/2149/5335/1609/207/5595/109/3576/8612/80310/2768/5296/10411/196883/1785/2207/5294/112/7249/375/5156/3265/56848",0.538434096309916
"hsa04630","JAK-STAT signaling pathway",119,0.485430489257656,1.67298678261577,0.000155614061820932,0.000674975993148293,0.000218764407006043,1960,"tags=25%, list=13%, signal=22%","5154/1438/9466/3718/4609/1026/3976/595/5155/1439/5159/5293/9021/3587/896/5292/10401/1271/1441/3561/3601/50615/207/23529/5777/6776/2057/5296/3563/3560",0.518848077743792
"hsa04382","Cornified envelope formation",113,0.484393687279208,1.67005994992315,0.000170666439643591,0.000731126599460817,0.000236963208471105,3502,"tags=36%, list=23%, signal=28%","6275/6282/1282/3875/3855/3911/1284/6280/6277/1286/28227/6279/7122/6768/29943/57402/24146/1285/11240/10999/3914/9080/6283/5045/1365/823/9071/140576/3918/5046/5652/1294/5339/3728/3856/3880/6284/25984/5518/126410/3691",0.518848077743792
"hsa04662","B cell receptor signaling pathway",79,0.505231755276234,1.66533705551605,0.000641834348304514,0.00244743427320512,0.000793230445080961,3414,"tags=46%, list=22%, signal=36%","971/6850/3725/3635/4794/5880/84433/975/2353/10288/5293/10859/207/5595/5777/5881/973/5296/3636/79168/11006/974/4772/7410/23547/3265/7409/27071/2213/930/3551/10990/4793/8519/4792/5579",0.477270815362862
"hsa00340","Histidine metabolism",20,-0.558113276897749,-1.65841097744102,0.01973574912455,0.046906198261773,0.0152026246145175,2642,"tags=45%, list=17%, signal=37%","223/84735/501/4128/3176/443/4129/224/138199",0.352487857583619
"hsa04664","Fc epsilon RI signaling pathway",62,0.51933187243553,1.65614251225135,0.00193482991749074,0.00664738595415137,0.00215446395303237,2539,"tags=37%, list=16%, signal=31%","6850/3635/6300/240/5880/3937/27040/5600/241/8681/5293/5609/5335/7124/207/5595/5881/5296/2207/5606/7410/3265/7409",0.45505986738723
"hsa03250","Viral life cycle - HIV-1",62,0.518843930635801,1.6545864722682,0.00196227385658863,0.00667557870819858,0.00216360142041434,2833,"tags=34%, list=18%, signal=28%","27350/60489/7852/4298/2648/1234/23299/25920/9146/55201/25939/5045/79643/4130/6598/8178/5300/1025/4131/7469/6829",0.431707695803346
"hsa05165","Human papillomavirus infection",284,0.440341515768599,1.6460541858687,2.10678465433044e-06,1.52302973969305e-05,4.93624515891954e-06,3555,"tags=35%, list=23%, signal=27%","1277/10319/5315/1282/7058/581/6696/3911/1292/1284/1278/7057/8717/1286/1856/28227/3134/1026/578/595/1869/10488/1291/8312/3680/10312/7450/1298/23513/3661/5159/7148/7481/3913/5293/3106/896/8321/9636/4851/148022/26508/1855/9296/1285/3993/7124/3996/3105/1293/207/5595/572/5734/3914/7187/3659/84441/5296/4242/3133/3955/182/3107/1857/7249/10297/3918/533/3265/54361/10134/9114/50855/6199/3676/894/3675/1019/4854/3695/7283/5743/3280/1108/3551/3908/9368/3685/7297/537/63923/5518/22801/3691/8325/90993/3912",0.627256739718528
"hsa04392","Hippo signaling pathway - multiple species",28,0.593263947994863,1.64297728257093,0.00424318788779009,0.0130299663456917,0.00422310258417987,2041,"tags=36%, list=13%, signal=31%","11186/9770/8642/83937/1454/8463/126374/23286/26524/7005",0.407017918923954
"hsa05142","Chagas disease",92,0.487350422002061,1.64264787010132,0.000706382843937777,0.00263564351447751,0.000854230367267771,1892,"tags=29%, list=12%, signal=26%","7040/3725/5330/2769/6300/6347/5600/712/2353/5293/5331/3654/148022/5054/916/713/7124/207/5595/3576/3553/714/624/915/5296/1636/811",0.477270815362862
"hsa00790","Folate biosynthesis",24,-0.532382211255379,-1.6395427741233,0.0143204983430076,0.0354943780358832,0.0115039744255946,2039,"tags=46%, list=13%, signal=40%","8836/121278/55034/84105/1719/200895/441282/8644/4338/5053/10243",0.380730400722792
"hsa05224","Breast cancer",121,0.470502299735938,1.63382126594589,0.000483690207679268,0.00190727843255348,0.000618162185808743,3148,"tags=36%, list=20%, signal=29%","8074/4791/581/3714/4609/3725/26291/1856/1026/578/595/1869/8312/28514/25759/2353/7481/5293/8321/4851/2324/26508/1855/1871/4616/207/4041/5595/2064/10912/5296/182/1857/2260/10297/3265/54361/6199/51176/1019/1643/4854/54567/3280",0.49849310876659
"hsa05414","Dilated cardiomyopathy",83,0.492021941414303,1.63117582967904,0.00108769095733532,0.00401519959782295,0.00130135407473026,4179,"tags=43%, list=27%, signal=32%","7040/4000/1837/7171/3680/71/7124/6546/153/109/6262/2010/196883/4634/489/112/7043/3676/6442/7169/7170/6640/3675/9254/3695/3908/60/3685/6444/22801/3691/113/5566/3693/781/93589",0.45505986738723
"hsa05205","Proteoglycans in cancer",181,0.449495847964576,1.6265156628672,6.30501174341226e-05,0.000299703982871788,9.71361422566793e-05,2704,"tags=32%, list=17%, signal=27%","1277/3710/7040/4318/22808/4609/3339/3059/1278/7057/1026/6300/595/4313/54776/6714/9138/5600/2817/4478/6237/7481/71/2316/5293/6548/8321/867/1839/5335/4060/1634/84309/5328/7124/7430/207/5595/3708/5777/2064/5296/8826/2719/7410/3082/2017/2260/6382/3265/960/54361/7078/7409/5329/6199/5499/858",0.538434096309916
"hsa04330","Notch signaling pathway",58,0.507991559153768,1.62400720254692,0.00477492259398531,0.0144078099140252,0.00466967125363381,3956,"tags=50%, list=26%, signal=37%","3714/1856/2648/28514/5664/196403/4851/26508/1855/7090/9612/9253/84441/4242/3955/182/1857/55851/1487/441478/1840/4854/54567/3280/7089/83464/3065/9794/4855",0.407017918923954
"hsa05162","Measles",114,0.467646445845452,1.62390659589874,0.00127419400863152,0.00460568042703269,0.00149273301229512,3362,"tags=36%, list=22%, signal=28%","581/3718/3725/8717/3310/27113/578/595/6504/3661/3665/2353/4478/5293/3304/896/3654/916/3561/207/572/3553/6776/915/7187/5296/3560/3303/10399/54205/7128/894/2213/917/7161/1019/3551/4793/7297/4792/940",0.45505986738723
"hsa03013","Nucleocytoplasmic transport",100,-0.379638354688317,-1.6224179562353,0.00118526358556089,0.0043293312019961,0.0014031663092488,3896,"tags=46%, list=25%, signal=35%","55706/3842/3840/6612/7175/57187/1434/23165/2733/57122/3836/55110/3839/3841/11097/9631/4928/64328/23279/5903/23039/387082/4686/9984/11269/51194/7341/79023/55161/7514/129401/11260/81929/3837/9972/26019/55746/59343/53371/51808/23534/80145/51068/25909/4927/3843",0.45505986738723
"hsa05202","Transcriptional misregulation in cancer",153,0.451851489236999,1.61791507657478,0.000252256707489663,0.00103724010623643,0.000336176721938381,3331,"tags=35%, list=21%, signal=28%","4353/5154/581/4318/4609/2313/1026/578/597/4298/7709/5371/1436/2209/7185/4804/6688/6929/6692/861/64919/5328/4616/3576/8351/1667/10912/84444/942/929/7030/3560/3684/1031/79058/5327/8013/51513/1051/1025/330/4005/894/4066/4291/7048/3728/1643/3695/7704/6256/3021/4221/4208",0.49849310876659
"hsa05143","African trypanosomiasis",31,0.571519541825782,1.61488530475197,0.0129177846461485,0.0332034909052855,0.0107614819966337,3594,"tags=48%, list=23%, signal=37%","3040/3039/5330/3043/3383/5331/335/7124/3553/7412/3586/2150/3606/5579/7064",0.380730400722792
"hsa05221","Acute myeloid leukemia",61,0.510283782011893,1.61315115324825,0.00491937481865187,0.0145899407014718,0.00472870110672154,3193,"tags=43%, list=21%, signal=34%","4353/4609/597/595/5371/1436/2209/6688/5467/5293/861/5292/207/5595/572/6776/5296/929/3684/11040/3265/6199/51176/3728/7704/3551",0.407017918923954
"hsa05131","Shigellosis",219,0.440099529693666,1.61099698345035,4.95280277590075e-05,0.000245517509033937,7.95739297673211e-05,2685,"tags=31%, list=17%, signal=26%","9266/3710/581/87/3725/3059/84557/8717/29108/3098/5330/6300/9564/113026/6714/340061/5600/10095/63916/81858/3661/114548/7186/10801/71/5293/25851/5331/4636/3101/5335/10616/826/23157/8878/7124/3611/834/207/9181/5595/3708/3576/3553/10398/8351/81/824/80201/10454/5296/23176/929/10093/5588/2931/10627/84335/823/2017/5333/10109/375/960/7094/54205/6199/115004",0.557332238758646
"hsa05206","MicroRNAs in cancer",151,0.450712309361032,1.59994287213914,0.000246275371689743,0.0010296090840523,0.000333703454651979,3414,"tags=34%, list=22%, signal=27%","11186/5154/4318/4609/7431/1788/7057/6624/1026/578/6659/595/1869/4363/5598/5155/54541/6768/5159/7148/5293/4851/2261/5335/5292/1871/5328/1943/7430/5595/2064/5296/2744/1786/3162/10297/5156/3265/960/7078/10014/3925/894/113130/9839/4854/5743/3551/63923/9759/5579",0.49849310876659
"hsa05170","Human immunodeficiency virus 1 infection",185,0.442706762094646,1.59893127499803,0.000109474855619867,0.000487022755129407,0.000157847457251603,2875,"tags=35%, list=19%, signal=29%","3710/581/27350/3725/60489/6891/7852/8717/3134/6300/578/5880/1234/3985/1072/340061/5600/4776/6890/3661/2353/7186/5293/3106/5609/7133/3654/5335/3984/6923/916/2783/7124/3105/207/5595/3708/572/8906/162/915/25939/10454/5881/5296/811/3133/5606/2782/3107/4772/8907/919/983/3265/10053/6892/54205/6199/115004/2793/8905/2767/917",0.538434096309916
"hsa00310","Lysine degradation",62,-0.416648530503761,-1.58344067323008,0.00396773199064166,0.0124036306374113,0.00402010283130042,3081,"tags=39%, list=20%, signal=31%","64754/11105/55870/83852/9869/38/223/58508/51268/80854/501/29072/8424/55904/1738/39/79823/55217/123688/10157/3033/51111/51166/224",0.407017918923954
"hsa00630","Glyoxylate and dicarboxylate metabolism",31,-0.480566999181715,-1.57493127289267,0.0168143666518647,0.0410886283675848,0.0133171098094914,1152,"tags=32%, list=7%, signal=30%","847/48/1738/39/51179/64902/4594/84693/5095/2653",0.352487857583619
"hsa05418","Fluid shear stress and atherosclerosis",125,0.448022582371079,1.57092924814152,0.00172095267358672,0.00603202603772316,0.00195502153051775,2204,"tags=29%, list=14%, signal=25%","5154/4318/1535/2950/10365/3725/6300/5880/5598/4313/5155/4688/6347/6714/3383/5600/7056/2817/2353/1843/71/5293/5609/59341/8878/7124/207/9181/3553/1003/5881/5296/653361/7412/3162/5327",0.45505986738723
"hsa04115","p53 signaling pathway",70,0.475395076518288,1.568949930429,0.00361489363051582,0.0116577495708034,0.00377835759755895,3038,"tags=33%, list=20%, signal=27%","581/7057/27113/1026/595/9540/896/5054/4616/8795/10848/64393/10912/7249/983/6241/54205/894/10572/5366/7161/1019/1643",0.431707695803346
"hsa05223","Non-small cell lung cancer",68,0.487119232135415,1.56545658191536,0.00325898148582065,0.0108737170728824,0.00352424721997182,1777,"tags=28%, list=11%, signal=25%","11186/581/3718/1026/578/595/1869/5293/5335/1871/4616/207/5595/572/2064/6776/10912/5979/5296",0.431707695803346
"hsa04620","Toll-like receptor signaling pathway",83,0.464922790949818,1.54133536623255,0.00347139859708845,0.0114721458399018,0.00371820213937828,2062,"tags=30%, list=13%, signal=26%","6696/3725/6300/5600/23643/3661/3665/2353/5293/4283/5609/3654/148022/7124/207/5595/3576/3553/941/7187/10454/5296/942/929/5606",0.431707695803346
"hsa04623","Cytosolic DNA-sensing pathway",62,0.480403284367147,1.53199975679208,0.0125006718659991,0.0326145348684337,0.0105705972548616,3989,"tags=45%, list=26%, signal=34%","29108/340061/29800/3661/3665/114548/661/5441/11035/51428/834/3553/3428/25939/55718/115004/5434/3551/3627/79792/4793/4792/3606/4210/8772/11277/197259/5435",0.380730400722792
"hsa00860","Porphyrin metabolism",42,-0.424495966442994,-1.5299457565282,0.0197180524592148,0.046906198261773,0.0152026246145175,3249,"tags=48%, list=21%, signal=38%","7390/2495/2235/7367/1355/7364/2058/2395/1352/54576/10720/54658/54578/574537/7365/10941/54657/1356/7363/1371",0.352487857583619
"hsa04144","Endocytosis",239,0.411787492729116,1.52913420013142,0.000196706988289436,0.000832406401663834,0.000269788695741086,3511,"tags=32%, list=23%, signal=25%","9266/156/23396/30844/5338/2869/9744/7852/3310/3134/409/408/1234/5119/5371/6714/274/55048/10095/56904/55738/2870/3106/377/3304/23096/867/2261/7456/9146/28964/64411/9230/79720/3561/116985/116983/3105/23327/3949/116988/3133/1785/11021/3560/10093/118813/51160/3303/93343/23624/79643/3107/10938/10109/375/5156/3265/2350/138429/50855/858/160/29924/6455/1212/7048/155382/414189/11031/10092/2264/27128/832/5662/9265/3800",0.518848077743792
"hsa00260","Glycine, serine and threonine metabolism",38,-0.446629261111389,-1.52762133576613,0.0136331705831271,0.0343897164560219,0.0111459459358204,3283,"tags=37%, list=21%, signal=29%","669/5723/2628/1491/63826/51268/501/29968/1738/4128/64902/29958/4129/2653",0.380730400722792
"hsa05217","Basal cell carcinoma",53,0.484876196851355,1.52667496684435,0.010508329489152,0.0280491564056596,0.00909092638907493,2686,"tags=34%, list=17%, signal=28%","581/1856/1026/578/8312/7481/8321/1855/4616/10912/2736/374654/1857/650/10297/2735/54361/51176",0.380730400722792
"hsa05210","Colorectal cancer",84,0.45721895071551,1.52251656765255,0.00486248240894389,0.0145455292750304,0.0047143070549799,3038,"tags=36%, list=20%, signal=29%","7040/581/4609/3725/27113/1026/578/5880/595/8312/2353/5293/5900/4616/207/5595/572/10912/5881/5296/10297/3265/54205/7043/6199/2069/51176/5366/7048/1643",0.407017918923954
"hsa05134","Legionellosis",52,0.485803371935521,1.51593829464296,0.00953132790870706,0.0256385332117934,0.0083096266704562,3387,"tags=37%, list=22%, signal=29%","3689/4791/3310/29108/2919/3304/7124/834/3576/3553/929/3684/3303/375/54205/3297/81876/4792/3606",0.380730400722792
"hsa05216","Thyroid cancer",35,0.521306512726725,1.51035458866439,0.0236906146499989,0.0551721025741585,0.0178816616078679,3156,"tags=40%, list=20%, signal=32%","581/4609/1026/578/595/4616/5595/10912/5979/3265/51176/7170/1643/6256",0.352487857583619
"hsa05132","Salmonella infection",230,0.407314239053243,1.50829272984383,0.000700122518305254,0.00263564351447751,0.000854230367267771,3640,"tags=32%, list=23%, signal=25%","9266/581/4609/3725/8717/29108/6300/578/8677/64837/5585/391/5600/10095/63916/23643/2353/114548/6237/7186/71/2316/5293/29109/57617/4636/5609/3654/11035/302/7846/7124/5788/834/207/5595/3576/3553/10120/10398/8795/10454/929/1785/10093/5606/5294/10627/9842/10109/375/330/3265/84617/3071/54205/51176/10121/10376/5420/64601/3551/79792/60/4792/10092/27128/3606/9265/3800/3831/5878/8772",0.477270815362862
"hsa04660","T cell receptor signaling pathway",112,0.437057827358979,1.50421595181919,0.00403318757777585,0.0124956793704305,0.00404993646493928,3409,"tags=38%, list=22%, signal=30%","7535/3725/4794/28227/6300/3937/84433/27040/5600/3932/2353/925/5293/5609/5335/9020/916/7124/29851/5788/207/5595/5777/915/5296/8440/5588/4772/7410/919/3265/7409/926/3586/917/1019/3551/2534/4793/4792/9402/940/5518",0.407017918923954
"hsa05220","Chronic myeloid leukemia",74,0.462080589173635,1.49888062550987,0.00362834856958722,0.0116577495708034,0.00377835759755895,3279,"tags=39%, list=21%, signal=31%","7040/581/4609/1026/578/595/1869/25759/5293/867/861/1871/4616/207/5595/572/6776/10912/5296/3265/613/7043/1487/7048/1019/1643/3551/9846/4792",0.431707695803346
"hsa04014","Ras signaling pathway",202,0.408740845443954,1.49501772037085,0.00132615284917851,0.00474407256355613,0.00153758686485903,3832,"tags=33%, list=25%, signal=25%","8074/11186/5154/7535/22808/5338/26291/5880/5155/27040/1436/22821/8844/8681/1969/4804/25759/5159/6237/5293/5900/2261/5335/2324/2783/1943/207/5595/572/5863/8831/80310/2323/5881/5228/5296/10156/23179/2782/100271927/3082/64926/2260/5156/115727/5322/3265/2114/2793/10235/7424/10681/8398/3551/9846/2264/5579/2791/54331/2113/5878/4303/54979/598/8437/5566",0.45505986738723
"hsa05230","Central carbon metabolism in cancer",66,0.463971632745125,1.49124793434328,0.0134171210214293,0.0342333896649702,0.0110952793371699,2563,"tags=35%, list=17%, signal=29%","5315/4609/3098/2539/5159/5293/5214/2261/3101/6510/5211/207/5595/2064/9123/80201/5979/5296/2744/2260/5156/3265/8140",0.380730400722792
"hsa05410","Hypertrophic cardiomyopathy",80,0.442533669920592,1.48683844908093,0.00610671027654787,0.0175126319501001,0.0056759656381394,3502,"tags=36%, list=23%, signal=28%","7040/4000/1837/7171/3680/71/7124/6546/6262/1636/2010/4634/489/7043/3676/6442/7169/7170/6640/3675/9254/3695/1906/3908/60/3685/6444/22801/3691",0.407017918923954
"hsa00670","One carbon pool by folate",36,-0.443325484726435,-1.48597842403594,0.0255120659414915,0.0586270654417057,0.0190014390675394,2828,"tags=33%, list=18%, signal=27%","10768/1491/27430/10588/501/1719/1738/200895/29958/4522/441024/2653",0.352487857583619
"hsa01522","Endocrine resistance",90,0.443983559236524,1.48492486182758,0.0110200062766413,0.0291903983053017,0.00946081081453595,3192,"tags=39%, list=21%, signal=31%","581/4318/3714/3725/1026/6300/595/1869/4313/6714/28514/5600/25759/2353/5293/4851/1839/1871/207/5595/109/572/2064/5296/196883/1031/182/112/3265/10498/6199/1019/4854/54567/1565",0.380730400722792
"hsa05161","Hepatitis B",142,0.422610178549607,1.48260284200856,0.00441047462206068,0.0134248657355707,0.00435109221896818,1777,"tags=23%, list=11%, signal=20%","7040/581/4318/3718/4609/3725/3339/1026/6300/1869/10488/6714/5600/4776/3661/3665/2353/5293/1960/5609/3654/148022/1871/7124/207/5595/572/3576/6776/7187/10454/5296",0.407017918923954
"hsa04517","IgSF CAM signaling",273,0.397821687072774,1.4784505771762,0.000617712423654448,0.00238162456675659,0.000771901062180536,2806,"tags=28%, list=18%, signal=23%","3687/3689/219699/87/1796/3635/6300/9564/3937/6714/3383/55243/962/5600/10095/78999/1445/6504/3932/4478/71/5293/57823/8832/23114/5335/28964/914/90952/57555/7846/4627/9046/8541/7430/207/5595/54538/5777/10398/4637/81/941/5296/942/8826/5361/3384/10093/3684/10458/8440/3683/8829/5588/81928/55558/199731/6091/10627/10225/7410/5818/10109/2260/120425/51332/92154/7409/84617/50855/4063/79784/3676/6709/5792",0.477270815362862
"hsa00051","Fructose and mannose metabolism",35,0.509929985785462,1.47739396137637,0.034270608066477,0.0761773199450295,0.0246895984364627,3050,"tags=40%, list=20%, signal=32%","231/3098/226/5214/3101/5209/5211/80201/7264/282969/5210/26007/29925/29926",0.321775918075361
"hsa04218","Cellular senescence",144,0.413544194132459,1.4735521539487,0.00390514987689408,0.012318972793475,0.00399266463614216,3015,"tags=31%, list=19%, signal=25%","3710/7040/22808/4609/3134/1026/6300/595/1869/5600/4776/6237/5293/3106/1874/896/293/59341/5054/1871/8878/4616/3105/207/5595/3708/3576/824/10912/5296/3133/5606/3107/4772/5883/823/7249/983/3265/7043/5499/894/7048/1019/55957",0.431707695803346
"hsa04217","Necroptosis",125,0.419073110448344,1.46942192696813,0.00863629712087155,0.0241677024269551,0.00783292019834808,4081,"tags=37%, list=26%, signal=27%","581/3718/8717/29108/5834/9555/5119/8681/81858/114548/7186/55766/293/148022/11035/10616/8878/7124/8969/834/3553/6776/1536/824/8795/124044/79643/823/192111/3014/330/7128/3013/816/7188/7297/3015/55506/8334/8772/6778/197259/3460/637/5321/246",0.380730400722792
"hsa04973","Carbohydrate digestion and absorption",40,0.490738569501407,1.46009496331378,0.0351617440225035,0.076736636325841,0.0248708767598684,1777,"tags=28%, list=11%, signal=24%","486/3098/5330/92579/5293/5331/3101/83756/207/80201/5296",0.287857117255149
"hsa04610","Complement and coagulation cascades",86,-0.352817142540068,-1.45232014374902,0.00929596960321913,0.0252007925962269,0.00816775189689542,1273,"tags=27%, list=8%, signal=25%","3426/3053/462/729/722/731/3075/2165/732/716/3827/2158/725/3080/2153/10877/2160/727/3818/1361/81494/5340/7035",0.380730400722792
"hsa03018","RNA degradation",72,-0.372063476783976,-1.44668636368055,0.00599039073553209,0.0173222132102469,0.00561424960211786,2571,"tags=35%, list=17%, signal=29%","26986/87178/27258/84186/255967/4850/27257/170506/3329/9652/5073/3313/115752/11157/54464/10438/1656/4848/22894/23019/64282/10950/196513/131870/29883",0.407017918923954
"hsa05214","Glioma",70,0.437835010811312,1.44499016435515,0.0144571878394974,0.035579036739756,0.0115314128994643,1777,"tags=24%, list=11%, signal=22%","5154/581/1026/578/595/1869/5155/25759/5159/5293/5335/1871/4616/207/5595/10912/5296",0.380730400722792
"hsa05415","Diabetic cardiomyopathy",193,0.397584245526763,1.44265593593802,0.00532495529042186,0.0155484149187054,0.00503934925701452,1835,"tags=18%, list=12%, signal=16%","1277/7040/4689/1281/4318/1535/1278/5330/6300/5880/4313/1346/4688/1509/2539/5600/126328/4728/5293/4713/5331/5524/293/374291/4535/4723/513/207/51079/1536/5296/653361/6262/1636/1327",0.407017918923954
"hsa04340","Hedgehog signaling pathway",51,0.464363197734516,1.44114243922594,0.0288118877271814,0.065774506850868,0.0213179744663656,2809,"tags=31%, list=18%, signal=26%","156/409/408/595/1455/1454/23295/91653/2736/374654/1453/23288/1954/2735/2121/894",0.352487857583619
"hsa04976","Bile secretion",80,-0.350737203583352,-1.44002109596059,0.00782726648439437,0.0222627989351217,0.00721552774732041,1913,"tags=29%, list=12%, signal=25%","2052/7364/8671/570/54576/10720/54658/54578/28234/366/57835/574537/7365/3781/10941/10599/54657/1244/7363/1576/9971/8647/6579",0.380730400722792
"hsa05215","Prostate cancer",96,0.424522663309604,1.43498067339106,0.0139036709924314,0.0347091642760698,0.0112494811928244,2686,"tags=26%, list=17%, signal=22%","5154/4318/2950/1026/595/1869/10488/5155/5159/5293/6692/1871/5328/207/5595/572/2064/80310/5296/5327/2260/5156/3265/2350/51176",0.380730400722792
"hsa04390","Hippo signaling pathway",140,0.406661893011226,1.43221924494424,0.00880524514960788,0.0244433605353115,0.00792226290567864,2989,"tags=32%, list=19%, signal=26%","11186/3689/7040/4609/1856/27113/595/8312/7533/23513/7481/71/896/8321/1454/1855/5054/4092/3993/3996/8463/126374/1490/3397/1742/2736/23286/26524/7005/1453/286204/1857/650/10297/330/54361/50855/7043/5499/51176/894/9231/84962/7161/7048",0.380730400722792
"hsa05171","Coronavirus disease",206,0.393651663894966,1.42898716577266,0.00382689045606482,0.0121828531032522,0.00394854729920618,3532,"tags=31%, list=23%, signal=24%","6850/3725/6300/6142/6347/340061/719/5600/7450/712/3661/6176/2353/114548/5293/6181/9636/3654/1839/5335/6223/6137/713/7124/6203/834/6159/5595/3576/6158/3553/733/714/6132/6193/1536/7187/5296/1636/25873/6209/8829/11224/6141/51311/2162/730/115004/6134/23521/3551/3627/6187/4793/7297/4792/5579/6217/3921/6130/6235/6234/2212",0.431707695803346
"hsa05212","Pancreatic cancer",74,0.439811929150151,1.42664633597835,0.00926969451114807,0.0252007925962269,0.00816775189689542,1777,"tags=26%, list=11%, signal=23%","7040/581/5338/1026/578/5880/595/1869/5293/5900/1871/4616/207/5595/572/2064/10912/5881/5296",0.380730400722792
"hsa05226","Gastric cancer",120,0.410442111807821,1.42224513124784,0.011811276789131,0.0310493412562761,0.0100633071350808,3038,"tags=29%, list=20%, signal=24%","8074/7040/581/4609/26291/1856/1026/578/595/1869/8312/25759/7481/5293/8321/1855/1871/4616/207/4041/5595/2064/10912/5296/1857/3082/10297/3265/54361/7043/6199/51176/7048/3728/1643",0.380730400722792
"hsa00565","Ether lipid metabolism",44,0.471400952094237,1.41544905321966,0.04177545691906,0.0894819972278632,0.0290017367432046,3129,"tags=36%, list=20%, signal=29%","5338/7941/79153/8681/254531/255043/144110/8612/54947/151056/387521/23646/5322/79888/122618/8398",0.252961123069611
"hsa01212","Fatty acid metabolism",54,-0.381195965208514,-1.41423053841611,0.0214340314092831,0.0502541141825759,0.0162877074153211,1409,"tags=22%, list=9%, signal=20%","79966/2180/51703/39/6342/51144/33/201562/10449/3033/84869/36",0.352487857583619
"hsa05034","Alcoholism",116,0.405983079759396,1.40395317705929,0.017446638581303,0.0423355495644206,0.0137212456291029,3959,"tags=39%, list=26%, signal=29%","8365/2354/83933/9555/10488/55315/25759/55766/121504/8970/8341/2783/8969/5595/8351/51564/10013/2782/440689/85236/3014/3265/5569/10014/79885/5499/2793/1388/3013/10681/7054/3021/3015/9759/55506/2791/8334/54331/90993/8364/2771/8363/5566/3065/135",0.352487857583619
"hsa04915","Estrogen signaling pathway",108,0.406159121865299,1.40049812286459,0.0344663954794514,0.0761773199450295,0.0246895984364627,2037,"tags=21%, list=13%, signal=19%","3710/4318/3875/3725/3310/5330/10488/4313/1509/6714/25759/2353/5293/3304/5331/1839/207/5595/3708/109/5296/196883/3303",0.321775918075361
"hsa04066","HIF-1 signaling pathway",101,0.412704381145882,1.39808113580141,0.0204807352070134,0.0483456810668956,0.0156691709886918,3448,"tags=31%, list=22%, signal=24%","7076/3098/1026/226/112398/5293/5214/3101/5209/5335/6923/5054/5211/207/5595/2064/1536/80201/5296/2872/2026/4055/3162/2027/6199/816/2034/1906/6513/5579/3099",0.352487857583619
"hsa05120","Epithelial cell signaling in Helicobacter pylori infection",63,0.433295198134865,1.39569696979437,0.0330368487928844,0.0744401722800706,0.024126576813969,1451,"tags=21%, list=9%, signal=19%","3725/6300/2919/6714/10312/5600/1445/1839/5335/28964/9020/9296/3576",0.282013350011725
"hsa04540","Gap junction",74,0.428400619553866,1.3896307346605,0.0409429280397022,0.0882434536010974,0.028600316152234,2931,"tags=32%, list=19%, signal=26%","5154/3710/5330/5598/5155/6714/5159/5331/7846/2982/153/5595/3708/109/80310/196883/1453/112/5156/983/3265/84617/2767/10376",0.248911114434702
"hsa05231","Choline metabolism in cancer",94,0.407696215259915,1.37935214411097,0.0332541567695962,0.0744464025745154,0.0241285960956672,2656,"tags=27%, list=17%, signal=22%","5154/23396/3725/5338/8525/5880/5155/8681/2353/5159/5293/5900/5335/1609/207/5595/8612/80310/5881/5296/7454/7249/5156/3265/6199",0.271288554688953
"hsa04020","Calcium signaling pathway",201,0.378166264639977,1.37580372546402,0.0136766019335188,0.0343897164560219,0.0111459459358204,2968,"tags=24%, list=19%, signal=20%","8074/5154/3710/5724/26291/7852/5330/2769/5155/113026/3707/4776/5159/5331/2149/2261/293/5335/2324/6546/153/3708/109/2064/624/80310/4485/5979/6262/196883/6915/80271/147/8912/4772/3082/489/5333/57192/2260/5156/5136/56848/53373/2767/816/8877/7424",0.380730400722792
"hsa04912","GnRH signaling pathway",84,0.410096317631004,1.36560052235237,0.0403800475059382,0.0875742280285036,0.0283834154964656,1430,"tags=20%, list=9%, signal=18%","3710/3725/5338/5330/6300/5598/4313/4323/6714/5600/8681/5331/5609/1839/5595/3708/109",0.245041785430996
"hsa03022","Basal transcription factors",38,-0.398719848278049,-1.36375513262907,0.0347619503012197,0.0763442832564762,0.0247437124052426,2863,"tags=29%, list=18%, signal=24%","83860/2967/2957/51616/6873/728340/404672/6883/9519/6877/2965",0.321775918075361
"hsa04142","Lysosome biogenesis",240,0.369744952418216,1.34322608765238,0.00841003084536237,0.023725859376754,0.00768971579723134,3768,"tags=32%, list=24%, signal=25%","114881/4125/7805/20/1520/8692/3425/9894/55315/389541/1509/1186/10312/26088/6448/2548/57617/91056/114879/9907/410/9296/2588/3916/8906/162/3073/84572/4669/1497/51172/1511/54785/51296/9179/7030/11182/9842/8907/84335/10577/57192/51311/79036/8943/533/388552/10053/28956/9114/26031/53373/160/84286/2760/1212/8905/5476/54/1513/968/64601/729991/8673/54982/5538/55330/537/9516/1521/5660/2717/3988/1508/55317/1201/1173",0.380730400722792
"hsa04360","Axon guidance",169,0.369286019673999,1.33374344017726,0.0295598808582015,0.0670410369790583,0.0217284656768107,3830,"tags=36%, list=25%, signal=27%","219699/7852/5880/3985/1072/2042/6714/4776/1969/56920/54910/6237/1949/5293/4636/5998/5335/3984/1808/64218/1943/3611/5595/4756/91653/10398/5881/5296/5361/8440/64101/8829/8482/55558/6091/10154/6405/10627/2049/6387/3265/54361/22885/50855/2242/816/2048/5364/54961/29984/2534/10509/9723/1947/1020/64221/10507/2771/8633/54437",0.352487857583619
"hsa03015","mRNA surveillance pathway",87,-0.329287337728129,-1.33365224793144,0.0245416923321079,0.0567731149282763,0.0184005608306748,3323,"tags=29%, list=21%, signal=23%","23049/2733/55110/5520/5521/5529/55844/51692/26986/5527/4686/11269/11051/2935/5525/26019/1477/51585/9887/5501/10767/55339/23708/10914/23435",0.352487857583619
"hsa00620","Pyruvate metabolism",47,-0.367147082171185,-1.3291256294153,0.0442290730048115,0.0941425432051873,0.0305122520613838,2799,"tags=32%, list=18%, signal=26%","38/2271/223/125/124/131/501/128/127/1738/39/2739/98/130/224",0.321775918075361
"hsa04120","Ubiquitin mediated proteolysis",137,-0.297764544038344,-1.30685795057199,0.0189358546808516,0.0456301498212187,0.0147890484529317,3177,"tags=35%, list=21%, signal=28%","8881/378884/7189/83737/140739/64682/8945/26091/23291/9690/9039/8697/51434/8453/8451/996/7326/10477/7328/1161/55958/7327/10277/64326/329/51619/8454/55294/10075/8554/4734/51366/9320/3093/26272/119504/8450/9063/8452/6921/57448/54926/8065/7337/9354/10393/11059/55120",0.352487857583619
"hsa04519","Cadherin signaling",303,0.345863153600338,1.29481846673959,0.0127356095128822,0.0329795261266427,0.0106888934564673,2686,"tags=22%, list=17%, signal=19%","11322/147138/3875/87/22808/3855/7431/4542/1856/6300/5880/8312/7533/4641/64005/5600/10095/5664/5098/1822/8642/5159/6237/7481/71/8321/4647/51466/9344/2324/1855/7408/147798/166336/8463/4041/5595/126374/2064/81/1003/1004/5881/6324/23286/26524/10186/2562/10093/7005/5606/1857/7410/51421/10109/2260/10297/5156/3265/27253/54361/7409/3071/2195/64403/5499/51176",0.380730400722792
"hsa04530","Tight junction",156,0.359842782010975,1.28536769628892,0.0444938820912125,0.0941425432051873,0.0305122520613838,3296,"tags=31%, list=21%, signal=24%","87/79778/3725/3059/595/7122/6714/10095/23513/4478/71/5609/23370/861/93643/24146/7408/3993/7846/4627/3996/7430/9181/2064/10398/4637/23327/81/9080/10093/1365/6794/10627/7454/2017/9071/51421/10109/51762/50855/79784/8189/10376/1019/27134/9368/60/10092",0.224966093540314
