"p_val","avg_log2FC","pct.1","pct.2","p_val_adj","cluster","gene"
0,1.5381834125842,0.944,0.815,0,"0","MT-ND1"
6.28216180545702e-35,1.41381616211146,0.167,0.088,1.12513517935735e-30,"0","ZNF549"
0,1.29633276657908,0.921,0.748,0,"0","MT-ND5"
5.49151440327711e-35,1.22563135202528,0.216,0.125,9.8353022962693e-31,"0","ZNF550"
2.78120169470863e-82,0.979533201080548,0.433,0.252,4.98113223522315e-78,"0","GSTA2"
9.0561230832067e-232,0.944589633497236,0.978,0.923,1.62195164420232e-227,"0","MT-ND2"
6.12788124442886e-177,0.746767319652824,1,0.995,1.09750353087721e-172,"0","MT-ATP6"
3.43116273464577e-15,0.734891261937795,0.267,0.202,6.14521245775058e-11,"0","HBA2"
1.9128781786306e-10,0.695038834064252,0.119,0.08,3.4259648179274e-06,"0","RANBP3L"
5.61356651112054e-13,0.654551669259055,0.164,0.113,1.00538976214169e-08,"0","ENHO"
0,5.8299345028345,0.261,0.012,0,"1","MYH11"
0,5.00436145173624,0.594,0.056,0,"1","CCL19"
4.74154800313844e-319,4.63833806954946,0.189,0.011,8.49211247362095e-315,"1","LMOD1"
0,4.15234904387595,0.231,0.017,0,"1","CFTR"
0,4.15063671156292,0.325,0.025,0,"1","NOTCH3"
5.03286340273694e-187,4.05439566725315,0.118,0.008,9.01385835430187e-183,"1","SCN7A"
0,4.05331238556507,0.24,0.02,0,"1","FBLN1"
0,4.02532126445195,0.5,0.053,0,"1","CCL21"
9.60523462951336e-177,3.98174414439794,0.111,0.007,1.72029752214584e-172,"1","ITGB4"
0,3.91046184706627,0.759,0.139,0,"1","PTGDS"
1.6011469943454e-214,3.14651642131519,0.243,0.031,2.86765426687261e-210,"2","ASCL1"
2.20685365294655e-131,2.74271602272673,0.201,0.035,3.95247489242727e-127,"2","TFF3"
6.78756278749644e-147,2.61389006108129,0.246,0.047,1.21565249524061e-142,"2","UPP2"
4.31397050317062e-57,2.28448263332815,0.108,0.022,7.72632117117859e-53,"2","RET"
1.44142433880784e-55,1.87033615288619,0.169,0.05,2.58159099080484e-51,"2","PLCH2"
1.0733061424121e-53,1.75592227932229,0.19,0.063,1.92229130106006e-49,"2","EPB41L1"
6.88312440696069e-29,1.52656300928382,0.114,0.04,1.23276758128666e-24,"2","GCK"
1.92860528887129e-28,1.48956192607909,0.135,0.052,3.45413207236847e-24,"2","OXT"
1.51086668754476e-134,1.40320512599053,0.625,0.282,2.70596223739267e-130,"2","CYP7A1"
2.21657655019938e-35,1.35003384090406,0.176,0.07,3.96988860140709e-31,"2","ANKRD18A"
2.920092808824e-64,2.2202534124508,0.127,0.026,5.22988622060379e-60,"3","EEF1A2"
3.06323058991843e-41,2.04659427676505,0.101,0.025,5.48624598654392e-37,"3","SPATA21"
3.24913750323389e-55,1.97646920293445,0.156,0.043,5.8192052682919e-51,"3","CXCL10"
1.19611771681058e-119,1.9676232251532,0.33,0.093,2.14224683080775e-115,"3","UBD"
2.55921230294404e-24,1.91663058274169,0.15,0.065,4.58354923457277e-20,"3","FABP4"
6.02739009358091e-55,1.75648604328096,0.177,0.053,1.07950556576034e-50,"3","CAPG"
1.44731212840624e-33,1.73947716717202,0.114,0.035,2.59213602197558e-29,"3","EMILIN2"
3.82890596304484e-210,1.73473518377198,0.739,0.31,6.85757057981331e-206,"3","COL1A1"
8.42932744980956e-99,1.71507082999008,0.317,0.097,1.50969254626089e-94,"3","GPNMB"
2.91518751877015e-230,1.6755854448697,0.845,0.431,5.22110084611734e-226,"3","GLUL"
1.54406680203364e-94,2.62389314833869,0.168,0.028,2.76542364244226e-90,"4","HYDIN"
1.11466342704715e-48,2.37872941934359,0.101,0.02,1.99636219784144e-44,"4","ZNF385D"
4.82360913973523e-65,2.15256721524842,0.162,0.037,8.63908396926579e-61,"4","DHRS2"
2.86452798340832e-43,2.12258139909503,0.115,0.027,5.13036961828431e-39,"4","SLC45A2"
2.76509686282707e-54,1.99222039534321,0.158,0.04,4.95228848132329e-50,"4","ASCL1"
1.93088168672999e-130,1.75595104936039,0.595,0.25,3.45820910093341e-126,"4","DUSP1"
1.39109029235906e-59,1.71741648737035,0.267,0.092,2.49144271361508e-55,"4","ZNF549"
1.05520322009031e-26,1.70740483817062,0.104,0.032,1.88986896718175e-22,"4","FOS"
6.25572205145362e-25,1.57464962931884,0.114,0.039,1.12039981941534e-20,"4","BCL2L10"
8.12531399628206e-86,1.56148991644448,0.456,0.188,1.45524373673412e-81,"4","SLC25A25"
8.29818491514262e-311,3.38142153324479,0.528,0.079,1.48620491830204e-306,"5","APOA4"
9.62756374896135e-192,2.54379354333998,0.546,0.133,1.72429666743898e-187,"5","ACSL4"
2.79843655982135e-75,2.49324334634487,0.19,0.037,5.01199987864005e-71,"5","LOXL4"
9.67019965794242e-77,2.32589228856638,0.234,0.053,1.73193275873749e-72,"5","AKR1B10"
1.39072674470419e-39,2.16476700607076,0.12,0.027,2.4907915997652e-35,"5","HKDC1"
1.00452956280101e-57,2.04401306145772,0.242,0.069,1.7991124469766e-53,"5","EFEMP1"
4.00226260953747e-41,1.95228519731182,0.15,0.038,7.1680523336816e-37,"5","TTC9"
8.1203259803622e-83,1.9270174082053,0.381,0.121,1.45435038308287e-78,"5","PLA2G2A"
2.95711907565779e-60,1.82877179904785,0.236,0.064,5.29620026450309e-56,"5","FABP4"
1.13849248913079e-183,1.82665924376661,0.899,0.428,2.03904004803324e-179,"5","CRP"
0,5.21063725835729,0.205,0.006,0,"6","SLCO1A2"
1.47465035937343e-169,4.35790010931407,0.141,0.007,2.64109879363782e-165,"6","PTH2R"
0,3.93157335365932,1,0.514,0,"6","CYP2B6"
1.11404925891888e-131,3.70370719889651,0.161,0.014,1.99526222272371e-127,"6","SULT1C2"
7.73044452880978e-73,2.89984972107513,0.14,0.019,1.38452261510983e-68,"6","ZNF385D"
5.71925785218089e-47,2.84184411763957,0.101,0.016,1.0243190813256e-42,"6","NQO1"
3.38601926117139e-79,2.71652029343618,0.187,0.032,6.06436049675796e-75,"6","SCUBE1"
1.51918752858316e-266,2.69129876054688,0.744,0.189,2.72086486369244e-262,"6","OLFM2"
1.78652711889864e-102,2.60849704471477,0.277,0.054,3.19967006994747e-98,"6","CYP3A7"
3.51465164626402e-36,2.36107685337404,0.11,0.023,6.29474109845885e-32,"6","RND2"
1.16409201746272e-221,2.44749199256472,0.876,0.303,2.08488880327574e-217,"7","SYT7"
1.17367351478066e-85,2.42086394995191,0.575,0.217,2.10204926497216e-81,"7","IFI27"
6.28134209670822e-181,2.36860609010038,0.668,0.165,1.12498836952044e-176,"7","HSPA5"
3.03267385778121e-125,1.97001996088769,0.628,0.186,5.43151887928614e-121,"7","MANF"
1.90842380283536e-125,1.81753475842924,0.655,0.197,3.41798703087814e-121,"7","OLFM2"
6.95533146682472e-129,1.81439174117942,0.781,0.32,1.24569986570831e-124,"7","ETNPPL"
6.94031085540845e-121,1.7178180084385,0.785,0.319,1.24300967420365e-116,"7","FNDC5"
4.42998400237414e-16,1.68143258985592,0.106,0.034,7.93410134825208e-12,"7","XPNPEP2"
1.14034436468554e-66,1.67666317433096,0.469,0.164,2.04235675715179e-62,"7","HYOU1"
2.10101479742629e-174,1.66261805704782,0.993,0.756,3.76291750219048e-170,"7","FASN"
2.60945170246753e-23,1.19210725310229,0.337,0.164,4.67352799911934e-19,"8","NUDT8"
3.28014803580019e-25,1.14859660046599,0.297,0.127,5.87474513211813e-21,"8","IGFBP1"
7.72112821551696e-28,1.1474475004125,0.466,0.257,1.38285406339909e-23,"8","GALK1"
8.97993006299417e-134,1.1026877341998,1,0.985,1.60830547428226e-129,"8","MT-ND4L"
4.13074082756491e-14,1.08446948346057,0.204,0.095,7.39815682216875e-10,"8","MAB21L4"
4.24443882769332e-35,1.07921162766312,0.568,0.313,7.60178994039873e-31,"8","ADIRF"
3.34465080985384e-09,1.0437795852822,0.146,0.072,5.99026960044822e-05,"8","NR1D1"
8.52938543955723e-132,1.03034286785636,0.996,0.834,1.5276129322247e-127,"8","MT-ND1"
5.59568953490918e-11,1.00351770750313,0.211,0.112,1.00218799570223e-06,"8","ORAI3"
1.12096183650383e-46,0.98655391162834,0.772,0.51,2.00764264917835e-42,"8","SORD"
0,5.56567168725382,0.629,0.017,0,"9","COL7A1"
6.53406170817241e-171,3.23840541598412,0.314,0.033,1.17025045193368e-166,"9","ESPL1"
2.01950024693038e-61,2.44398446398264,0.229,0.046,3.61692494225231e-57,"9","NPIPB15"
1.93032362294188e-91,2.28230135826281,0.366,0.079,3.45720960868891e-87,"9","CYP4X1"
5.95449276966801e-72,2.11114760127665,0.359,0.091,1.06644965504754e-67,"9","MAB21L4"
1.09566078178483e-184,1.96539078148507,0.983,0.576,1.96232846017664e-180,"9","PCK1"
2.3831031391319e-17,1.85125461212422,0.101,0.028,4.26813772218522e-13,"9","DOK6"
2.45609134244718e-191,1.80967135137646,1,0.703,4.3988595943229e-187,"9","G6PC"
2.15412064622356e-25,1.79588114467248,0.172,0.052,3.8580300773864e-21,"9","NOCT"
1.50040208444897e-96,1.75359271050622,0.73,0.31,2.68722013324811e-92,"9","MT1E"
2.40335489588327e-167,2.35407624470231,0.825,0.287,4.30440861852694e-163,"10","CYP3A4"
3.08513133484269e-124,2.05746649416735,0.697,0.225,5.52547022070326e-120,"10","IL1RAP"
3.3548310442027e-70,1.93862754546604,0.416,0.12,6.00850240016704e-66,"10","SLC16A1"
3.62338330371472e-116,1.89211204906148,0.722,0.249,6.48947949695307e-112,"10","CFHR4"
1.92903086335315e-36,1.84992375239598,0.228,0.065,3.45489427626549e-32,"10","EFHC1"
4.98750761137072e-15,1.84783781437873,0.108,0.034,8.93262613196496e-11,"10","CYP1A1"
3.55748351994029e-38,1.7554890736583,0.261,0.079,6.37145298421307e-34,"10","GSTM1"
2.3825863200368e-55,1.65746372765165,0.536,0.225,4.2672120991859e-51,"10","IGFBP2"
7.12295931183253e-165,1.65399767684106,0.995,0.575,1.27572201274921e-160,"10","PCK1"
3.51654791362889e-91,1.65225743059257,0.657,0.23,6.29813731330934e-87,"10","IGFALS"
3.54323835243573e-71,2.59767176309372,0.225,0.038,6.34593988921238e-67,"11","PRSS51"
2.14775660849055e-44,2.46523646382207,0.154,0.028,3.84663208580657e-40,"11","LINGO4"
5.73358097966238e-75,2.06678516324093,0.386,0.099,1.02688435345753e-70,"11","NECAB2"
3.59971429473752e-170,2.0463876001899,0.937,0.374,6.44708830187489e-166,"11","HAMP"
3.96921864304006e-20,1.98617113690327,0.106,0.027,7.10887058968475e-16,"11","EYA2"
1.28904339163699e-28,1.95959591714658,0.162,0.043,2.30867671442185e-24,"11","EIF2B2"
7.70401501717789e-122,1.85273909894638,0.798,0.327,1.37978908957656e-117,"11","PROZ"
3.29474005917295e-45,1.84566086453505,0.293,0.086,5.90087944597876e-41,"11","CDH23"
2.35344280164271e-62,1.83661572493204,0.432,0.138,4.2150160577421e-58,"11","CYP3A43"
1.38901711107648e-27,1.81271289536034,0.172,0.048,2.48772964593798e-23,"11","DOP1B"
2.91114203343283e-254,3.1827716278973,0.691,0.116,5.21385538187821e-250,"12","IGFBP1"
2.83544402008944e-236,2.887377620313,0.702,0.127,5.07828023998018e-232,"12","MX1"
5.64433908997389e-50,2.8159292978275,0.141,0.021,1.01090113101432e-45,"12","HMCN2"
3.82603779030819e-87,2.70738213043617,0.267,0.044,6.85243368244197e-83,"12","MROH7"
1.68568215139265e-121,2.68300544147529,0.385,0.066,3.01905673314424e-117,"12","CMPK2"
4.6880343953995e-95,2.67931542224041,0.285,0.046,8.39626960216051e-91,"12","HERC5"
5.17342294810444e-82,2.51095871325634,0.298,0.056,9.26560050005505e-78,"12","HERC6"
1.48724405411733e-52,2.47590245847722,0.194,0.037,2.66365410092414e-48,"12","TRABD2B"
4.7740588124523e-187,2.46257001123169,0.853,0.281,8.55033933310208e-183,"12","XAF1"
2.31000145694953e-41,2.39335750135901,0.16,0.031,4.13721260939661e-37,"12","CCDC194"
8.22870608955678e-61,3.44489129454762,0.127,0.014,1.47376126063962e-56,"13","SPINK1"
5.12973727898861e-256,2.80718146996077,0.814,0.157,9.18735946666859e-252,"13","PZP"
3.66067903839552e-82,2.34941098569339,0.341,0.069,6.55627615776638e-78,"13","SMIM24"
9.75964538867109e-82,2.17716467234096,0.501,0.148,1.74795248911099e-77,"13","HAL"
1.00980169691333e-140,2.08011119366929,0.798,0.262,1.80855483917177e-136,"13","BCO2"
1.31283905943584e-155,2.06021545387807,0.936,0.461,2.35129475544958e-151,"13","FGL1"
1.44649250803008e-145,2.03297007703788,0.859,0.308,2.59066808188187e-141,"13","MT1E"
7.46819692001118e-99,2.00733336818277,0.612,0.185,1.337554068374e-94,"13","COL5A3"
1.73986787326398e-123,1.99019211580832,0.853,0.368,3.11610336101579e-119,"13","NNMT"
3.20394105537059e-96,1.96924991100323,0.618,0.191,5.73825843016873e-92,"13","MT1H"
2.04067802916972e-34,2.08253017954526,0.248,0.069,3.65485435024296e-30,"14","EPB41L1"
7.79542647088987e-18,2.06270146710324,0.105,0.025,1.39616088093638e-13,"14","GABRB3"
5.74113504027508e-17,2.0127586641139,0.105,0.026,1.02823728571327e-12,"14","SLC5A12"
1.19418583112948e-151,1.93075135862866,0.997,0.759,2.13878682355291e-147,"14","A2M"
8.74646736644368e-46,1.62985292866371,0.494,0.189,1.56649230533006e-41,"14","COL5A3"
7.31987099961269e-61,1.53565230529662,0.745,0.373,1.31098889603063e-56,"14","NNMT"
1.07376344231232e-18,1.45058296299551,0.239,0.092,1.92311032518136e-14,"14","NPW"
1.03265480882026e-100,1.41645429946173,0.978,0.659,1.84948476259708e-96,"14","C9"
1.64195623335132e-12,1.41278749704791,0.153,0.057,2.94074361393221e-08,"14","EIF1AY"
2.8181950894711e-58,1.3406361610443,0.828,0.441,5.04738740524274e-54,"14","CRP"
9.93556300633661e-151,1.9050167010819,0.997,0.658,1.77945933443489e-146,"15","TAT"
2.45048352781172e-66,1.88684096026604,0.556,0.176,4.38881599831079e-62,"15","MDN1"
6.65369904482435e-110,1.87987664251663,0.833,0.287,1.19167749892804e-105,"15","ZBTB16"
1.41110710031054e-14,1.81738938953758,0.126,0.038,2.52729281665618e-10,"15","GNLY"
2.07456381320869e-109,1.74118053463198,0.986,0.76,3.71554378945677e-105,"15","A2M"
5.90961221343039e-174,1.70043984866222,1,0.976,1.05841154742538e-169,"15","ORM1"
1.44021145523331e-46,1.5389880228573,0.556,0.216,2.57941871632286e-42,"15","CNDP1"
1.1552380793327e-38,1.44164490444785,0.526,0.22,2.06903140008487e-34,"15","AMN"
3.27507028407249e-25,1.42751130488039,0.382,0.161,5.86565087877383e-21,"15","CYFIP2"
1.52779419204064e-09,1.41069613068248,0.133,0.052,2.73627939794479e-05,"15","HEPACAM"
5.00667276326491e-286,3.66035594332666,1,0.267,8.96695091900746e-282,"16","IFI6"
1.97740110959121e-125,2.85111090516669,0.682,0.183,3.54152538727787e-121,"16","AKR1C2"
4.88635310431401e-165,2.596879366499,0.692,0.131,8.75145840982639e-161,"16","MX1"
1.32835352080145e-114,2.56324490697194,0.507,0.095,2.3790811557554e-110,"16","IFI44L"
7.71504203851832e-131,2.24489579702947,0.762,0.202,1.38176402909863e-126,"16","OAS1"
1.18507720787729e-77,2.19734656886698,0.479,0.117,2.12247327930823e-73,"16","OAS2"
1.8883310952096e-82,2.1311990693188,0.552,0.148,3.38200099152039e-78,"16","IFI44"
5.72057390476093e-49,2.04408229124367,0.346,0.09,1.02455478634268e-44,"16","IFIT1"
5.56598050777987e-70,2.04329602584863,0.483,0.127,9.96867108943375e-66,"16","ISG15"
1.75193074996313e-25,2.01703519977221,0.682,0.458,3.13770797318397e-21,"16","GLUL"
5.50585727529044e-46,2.13632945204929,0.32,0.08,9.86099038004517e-42,"17","NUP155"
5.57341431548517e-88,1.71525828537555,0.836,0.318,9.98198503903395e-84,"17","CYP51A1"
3.11853238144232e-16,1.7101966540831,0.175,0.057,5.58529149516319e-12,"17","PLCH2"
9.8909049963983e-53,1.63962334247138,0.615,0.236,1.77146108485493e-48,"17","MSMO1"
2.33157593949302e-114,1.6022697623524,0.989,0.616,4.175852507632e-110,"17","ADH1C"
3.16713061471287e-58,1.56814364368835,0.72,0.301,5.67233093095074e-54,"17","CYP7A1"
5.74169116010204e-14,1.51867162669209,0.175,0.062,1.02833688677428e-09,"17","RHBG"
1.69803193700618e-37,1.44452064701613,0.56,0.243,3.04117519917807e-33,"17","LGALS4"
6.35672131048889e-49,1.42007512476276,0.793,0.407,1.13848878670856e-44,"17","CYP1A2"
1.54569361632961e-09,1.41083685791668,0.131,0.05,2.76833726684632e-05,"17","NPIPB15"
1.41609066797142e-34,2.94129680755356,0.132,0.017,2.53621838633681e-30,"18","UPK3B"
3.97464327732802e-49,2.91745006559919,0.203,0.028,7.11858610969448e-45,"18","FOXN4"
1.80739860633963e-18,2.45479694571809,0.108,0.02,3.23705090395428e-14,"18","AOC1"
3.77375445869803e-20,2.41541353958642,0.123,0.023,6.75879423552817e-16,"18","MEP1B"
3.35072959898534e-28,2.16049530453727,0.217,0.049,6.00115671178274e-24,"18","NPIPB15"
9.38509885873988e-13,2.09853654936475,0.104,0.025,1.68087120560031e-08,"18","CMYA5"
1.80333722706894e-36,2.05117442532593,0.321,0.08,3.22977697368047e-32,"18","SLC3A1"
2.45589920426948e-11,1.91482459619237,0.118,0.033,4.39851547484664e-07,"18","LRATD1"
8.5671644030611e-12,1.90002878918182,0.123,0.035,1.53437914458824e-07,"18","GDPD4"
9.58999256924755e-19,1.82581959013362,0.226,0.069,1.71756766915224e-14,"18","ZNF436"
5.82539682334701e-28,3.01776135254602,0.115,0.015,1.04332857106145e-23,"19","SLC44A5"
1.94520853688144e-19,2.20281849811864,0.157,0.034,3.48386848955465e-15,"19","XPNPEP2"
1.66565811488802e-29,1.82855195818331,0.403,0.129,2.98319368376445e-25,"19","IGFBP1"
4.85418009727629e-30,1.77689627113809,0.408,0.13,8.69383655422184e-26,"19","MYOM1"
1.71896160669859e-13,1.68472130253843,0.183,0.057,3.07866023759718e-09,"19","TREH"
1.48718461305897e-08,1.67043064498804,0.126,0.042,0.000266354764198862,"19","TMEM154"
5.0189292211805e-11,1.62560132612798,0.173,0.059,8.98890223513427e-07,"19","TUSC3"
3.35158569798761e-39,1.61763084517287,0.534,0.17,6.00268998509581e-35,"19","PZP"
1.62212229371532e-40,1.60448962807725,0.675,0.27,2.90522102804413e-36,"19","BCO2"
8.36792612169394e-07,1.57354032522493,0.105,0.036,0.0149869556839539,"19","ENPP7"
1.16041600185295e-37,2.39657104907587,0.265,0.051,2.07830505931863e-33,"20","SLC29A4"
1.10071544515706e-18,2.03820235762188,0.185,0.046,1.97138136227629e-14,"20","DNM1"
2.07705998679942e-46,1.86868399673461,0.598,0.197,3.72001443635776e-42,"20","MT1H"
6.06916700850336e-09,1.86159224867995,0.101,0.028,0.000108698781122295,"20","SCAMP5"
1.18875606929215e-82,1.83396047227183,0.963,0.505,2.12906212010224e-78,"20","MT1G"
1.72981716959293e-33,1.64297775432305,0.529,0.191,3.09810255074093e-29,"20","COL5A3"
2.6214288680674e-10,1.61553092144987,0.153,0.05,4.69497910270872e-06,"20","DOP1B"
2.45490844809605e-08,1.61349098982267,0.116,0.037,0.000439674103054002,"20","SCUBE1"
1.33519851992498e-32,1.57859710111527,0.603,0.258,2.39134054918564e-28,"20","CFHR4"
4.31654649611875e-22,1.53367274034578,0.392,0.143,7.73093477454869e-18,"20","CYP3A43"
1.56295944382019e-12,2.44787882711185,0.137,0.028,2.79926036388196e-08,"21","UNC93A"
1.15362865393996e-14,2.25987146668608,0.188,0.042,2.06614891920647e-10,"21","ENPP3"
6.09307139742268e-45,2.24499732221731,0.872,0.364,1.0912690872784e-40,"21","SDS"
3.45377960629695e-08,2.13287443097919,0.111,0.027,0.000618571927487784,"21","ATAD3C"
2.24745292084386e-21,1.99983509229668,0.359,0.097,4.02518818123136e-17,"21","MAB21L4"
2.69953253832491e-31,1.90513754257872,0.692,0.268,4.83486277613991e-27,"21","DUSP1"
1.13468052220887e-11,1.8944518998238,0.197,0.053,2.03221281527608e-07,"21","SLC29A4"
5.47689445715991e-45,1.84994919203388,0.932,0.423,9.8091179727734e-41,"21","MUC3A"
3.6402208214117e-35,1.83868610991826,0.786,0.332,6.51963549114836e-31,"21","ETNPPL"
2.25237329397214e-11,1.75405285068466,0.239,0.075,4.0340005695041e-07,"21","SMIM24"
1.45541470997008e-66,4.10836003771811,0.269,0.016,2.60664774555641e-62,"22","SPINK1"
6.34695889157331e-34,2.698824757809,0.577,0.131,1.13674033748078e-29,"22","PLA2G2A"
4.38299040179533e-55,2.54510230495109,0.962,0.279,7.84993580961544e-51,"22","HMGCS1"
4.4529083861097e-38,2.17786238087922,0.821,0.246,7.97515891952248e-34,"22","LGALS4"
2.10624824843781e-09,2.01117734051349,0.231,0.064,3.77229061295212e-05,"22","SLC13A3"
4.77431389158472e-14,2.00753462922109,0.321,0.083,8.55079617982823e-10,"22","SQLE"
1.09164864425163e-23,1.9186953930167,0.679,0.233,1.95514272185466e-19,"22","ACSS3"
1.77128007005192e-23,1.82230311527239,0.641,0.196,3.172362605463e-19,"22","FDFT1"
1.19722248695929e-25,1.81240696492392,0.91,0.413,2.14422547414409e-21,"22","CYP1A2"
6.02125942671553e-17,1.79490009798159,0.885,0.46,1.07840756332475e-12,"22","GLUL"
4.91318901333891e-64,3.12166478958421,0.662,0.081,8.79952152288999e-60,"23","GSTM1"
7.1712429004822e-19,2.70884171137081,0.262,0.041,1.28436960347636e-14,"23","FAM151A"
8.52306870572463e-40,2.4482773722493,0.923,0.304,1.52648160519528e-35,"23","ACAT2"
5.38720139423161e-41,2.44183469943831,1,0.533,9.64847769706881e-37,"23","CYP2B6"
2.93725694739296e-36,2.24050598593192,0.892,0.284,5.2606271927808e-32,"23","GSTA2"
6.66856681606197e-25,1.98541109532772,0.769,0.255,1.1943403167567e-20,"23","DHCR7"
1.65598310220432e-09,1.98022819763839,0.246,0.063,2.96586573604793e-05,"23","CYP3A7"
1.24901971887489e-28,1.96907377737774,0.815,0.252,2.23699431650493e-24,"23","ERG28"
6.99546946742035e-22,1.94703204622713,0.692,0.232,1.25288858161499e-17,"23","IGFBP2"
1.09652610831552e-20,1.9328027732107,0.569,0.151,1.96387825999309e-16,"23","ACSL4"
